<?xml version="1.0" encoding="UTF-8" ?>
<!-- This is a WordPress eXtended RSS file generated by WordPress as an export of your site. -->
<!-- It contains information about your site's posts, pages, comments, categories, and other content. -->
<!-- You may use this file to transfer that content from one site to another. -->
<!-- This file is not intended to serve as a complete backup of your site. -->

<!-- To import this information into a WordPress site follow these steps: -->
<!-- 1. Log in to that site as an administrator. -->
<!-- 2. Go to Tools: Import in the WordPress admin panel. -->
<!-- 3. Install the "WordPress" importer from the list. -->
<!-- 4. Activate & Run Importer. -->
<!-- 5. Upload this file using the form provided on that page. -->
<!-- 6. You will first be asked to map the authors in this export file to users -->
<!--    on the site. For each author, you may choose to map to an -->
<!--    existing user on the site or to create a new user. -->
<!-- 7. WordPress will then import each of the posts, pages, comments, categories, etc. -->
<!--    contained in this file into your site. -->

<!-- generator="WordPress/4.5.4" created="2016-10-10 12:35" -->
<rss version="2.0"
	xmlns:excerpt="http://wordpress.org/export/1.2/excerpt/"
	xmlns:content="http://purl.org/rss/1.0/modules/content/"
	xmlns:wfw="http://wellformedweb.org/CommentAPI/"
	xmlns:dc="http://purl.org/dc/elements/1.1/"
	xmlns:wp="http://wordpress.org/export/1.2/"
>

<channel>
	<title>Wander</title>
	<link>http://thenordik.com/demo/themeforest/wordpress/wander</link>
	<description>Multipurpose WordPress Template</description>
	<pubDate>Mon, 10 Oct 2016 12:35:07 +0000</pubDate>
	<language>en-US</language>
	<wp:wxr_version>1.2</wp:wxr_version>
	<wp:base_site_url>http://thenordik.com/demo/themeforest/wordpress/wander</wp:base_site_url>
	<wp:base_blog_url>http://thenordik.com/demo/themeforest/wordpress/wander</wp:base_blog_url>

	<wp:author><wp:author_id>1</wp:author_id><wp:author_login><![CDATA[wander]]></wp:author_login><wp:author_email><![CDATA[okfaisal13@gmail.com]]></wp:author_email><wp:author_display_name><![CDATA[wander]]></wp:author_display_name><wp:author_first_name><![CDATA[]]></wp:author_first_name><wp:author_last_name><![CDATA[]]></wp:author_last_name></wp:author>


	<generator>https://wordpress.org/?v=4.5.4</generator>

	<item>
		<title>Illum inani doctus ei sit, te invidunt</title>
		<link>http://thenordik.com/demo/themeforest/wordpress/wander/amazing-grid-post/</link>
		<pubDate>Sat, 25 Jun 2016 06:31:29 +0000</pubDate>
		<dc:creator><![CDATA[wander]]></dc:creator>
		<guid isPermaLink="false">http://localhost/wander/?p=748</guid>
		<description></description>
		<content:encoded><![CDATA[ <p>Contrary to popular belief, Lorem Ipsum is not simply random text. It has roots in a piece of classical Latin literature from 45 BC, making it over 2000 years old. Richard McClintock, a Latin professor at Hampden-Sydney College in Virginia, looked up one of the more obscure Latin words, consectetur, from a Lorem Ipsum passage, and going through the cites.</p>
 <p>Lorem Ipsum comes from sections 1.10.32 and 1.10.33 of "de Finibus Bonorum et Malorum" (The Extremes of Good and Evil) by Cicero, written in 45 BC. This book is a treatise on the theory of ethics, very popular during the Renaissance. The first line of Lorem Ipsum, "Lorem ipsum dolor sit amet..", comes from a line in section. The standard chunk of Lorem Ipsum used since the 1500s is reproduced below for those interested. There are many variations of passages of Lorem Ipsum available, but the majority.</p>
<p>Phasellus nibh tortor, varius vitae orci sit amet, placerat ornare quam. Nunc sapien risus, <strong>tictum id orci quis, rutrum cursus ipsum. Phasellus pellentesque ultricies pretium.</strong></p>

<blockquote><p>Phasellus nibh tortor, varius vitae orci sit amet, placerat ornare quam. Nunc sapien risus, tictum id orci quis, rutrum cursus ipsum. ultricies pretium. Phasellus nibh tortor, varius vitae orci sit amet, <strong>placerat ornare quamm, nunc</strong> sapien risus, <strong>tictum id orci quis, rutrum</strong> cursus ipsum. Phasellus pellentesque ultricies pretium, placerat ornare quam</p></blockquote>

<p>Lorem ipsum dolor sit amet, consetetur sadipscing elitr, sed diam nonumy eirmod tempor invidunt ut labore et dolore magna aliquyam erat, sed diam voluptua. At vero eos et accusam et justo duo <a href="#">dolores et ea</a> rebum. Stet clita kasd gubergren, no sea takimata sanctus <a href="#">magna aliquyam erat</a>, sed diam voluptua. At vero eos et accusam et justo duo dolores et ea rebum. Stet clita kasd gubergren, no sea takimata sanctus est Lorem ipsum dolor sit amet.<p>  

<p><em>Vestibulum ante ipsum primis in faucibus orci luctus et ultrices posuere cubilia Curae; Nam at velit nisl. Aenean vitae est nisl. Cras molestie molestie nisl vel imperdiet. Donec vel mi sem.</em></p>]]></content:encoded>
		<excerpt:encoded><![CDATA[]]></excerpt:encoded>
		<wp:post_id>748</wp:post_id>
		<wp:post_date><![CDATA[2016-06-25 06:31:29]]></wp:post_date>
		<wp:post_date_gmt><![CDATA[2016-06-25 06:31:29]]></wp:post_date_gmt>
		<wp:comment_status><![CDATA[open]]></wp:comment_status>
		<wp:ping_status><![CDATA[open]]></wp:ping_status>
		<wp:post_name><![CDATA[amazing-grid-post]]></wp:post_name>
		<wp:status><![CDATA[publish]]></wp:status>
		<wp:post_parent>0</wp:post_parent>
		<wp:menu_order>0</wp:menu_order>
		<wp:post_type><![CDATA[post]]></wp:post_type>
		<wp:post_password><![CDATA[]]></wp:post_password>
		<wp:is_sticky>0</wp:is_sticky>
		<category domain="category" nicename="lifestyle"><![CDATA[Lifestyle]]></category>
		<category domain="category" nicename="wander"><![CDATA[Wander]]></category>
		<wp:postmeta>
			<wp:meta_key><![CDATA[_vc_post_settings]]></wp:meta_key>
			<wp:meta_value><![CDATA[a:1:{s:10:"vc_grid_id";a:0:{}}]]></wp:meta_value>
		</wp:postmeta>
		<wp:postmeta>
			<wp:meta_key><![CDATA[_thumbnail_id]]></wp:meta_key>
			<wp:meta_value><![CDATA[752]]></wp:meta_value>
		</wp:postmeta>
		<wp:postmeta>
			<wp:meta_key><![CDATA[_edit_last]]></wp:meta_key>
			<wp:meta_value><![CDATA[1]]></wp:meta_value>
		</wp:postmeta>
	</item>
	<item>
		<title>Awesome Guide to Perfect Posts</title>
		<link>http://thenordik.com/demo/themeforest/wordpress/wander/the-incredible-side/</link>
		<pubDate>Sat, 25 Jun 2016 06:32:01 +0000</pubDate>
		<dc:creator><![CDATA[wander]]></dc:creator>
		<guid isPermaLink="false">http://localhost/wander/?p=749</guid>
		<description></description>
		<content:encoded><![CDATA[ <p>Contrary to popular belief, Lorem Ipsum is not simply random text. It has roots in a piece of classical Latin literature from 45 BC, making it over 2000 years old. Richard McClintock, a Latin professor at Hampden-Sydney College in Virginia, looked up one of the more obscure Latin words, consectetur, from a Lorem Ipsum passage, and going through the cites.</p>
 <p>Lorem Ipsum comes from sections 1.10.32 and 1.10.33 of "de Finibus Bonorum et Malorum" (The Extremes of Good and Evil) by Cicero, written in 45 BC. This book is a treatise on the theory of ethics, very popular during the Renaissance. The first line of Lorem Ipsum, "Lorem ipsum dolor sit amet..", comes from a line in section. The standard chunk of Lorem Ipsum used since the 1500s is reproduced below for those interested. There are many variations of passages of Lorem Ipsum available, but the majority.</p>
<p>Phasellus nibh tortor, varius vitae orci sit amet, placerat ornare quam. Nunc sapien risus, <strong>tictum id orci quis, rutrum cursus ipsum. Phasellus pellentesque ultricies pretium.</strong></p>

<blockquote><p>Phasellus nibh tortor, varius vitae orci sit amet, placerat ornare quam. Nunc sapien risus, tictum id orci quis, rutrum cursus ipsum. ultricies pretium. Phasellus nibh tortor, varius vitae orci sit amet, <strong>placerat ornare quamm, nunc</strong> sapien risus, <strong>tictum id orci quis, rutrum</strong> cursus ipsum. Phasellus pellentesque ultricies pretium, placerat ornare quam</p></blockquote>

<p>Lorem ipsum dolor sit amet, consetetur sadipscing elitr, sed diam nonumy eirmod tempor invidunt ut labore et dolore magna aliquyam erat, sed diam voluptua. At vero eos et accusam et justo duo <a href="#">dolores et ea</a> rebum. Stet clita kasd gubergren, no sea takimata sanctus <a href="#">magna aliquyam erat</a>, sed diam voluptua. At vero eos et accusam et justo duo dolores et ea rebum. Stet clita kasd gubergren, no sea takimata sanctus est Lorem ipsum dolor sit amet.<p>  

<p><em>Vestibulum ante ipsum primis in faucibus orci luctus et ultrices posuere cubilia Curae; Nam at velit nisl. Aenean vitae est nisl. Cras molestie molestie nisl vel imperdiet. Donec vel mi sem.</em></p>]]></content:encoded>
		<excerpt:encoded><![CDATA[]]></excerpt:encoded>
		<wp:post_id>749</wp:post_id>
		<wp:post_date><![CDATA[2016-06-25 06:32:01]]></wp:post_date>
		<wp:post_date_gmt><![CDATA[2016-06-25 06:32:01]]></wp:post_date_gmt>
		<wp:comment_status><![CDATA[open]]></wp:comment_status>
		<wp:ping_status><![CDATA[open]]></wp:ping_status>
		<wp:post_name><![CDATA[the-incredible-side]]></wp:post_name>
		<wp:status><![CDATA[publish]]></wp:status>
		<wp:post_parent>0</wp:post_parent>
		<wp:menu_order>0</wp:menu_order>
		<wp:post_type><![CDATA[post]]></wp:post_type>
		<wp:post_password><![CDATA[]]></wp:post_password>
		<wp:is_sticky>0</wp:is_sticky>
		<category domain="category" nicename="other-bits"><![CDATA[Other Bits]]></category>
		<category domain="post_format" nicename="post-format-audio"><![CDATA[Audio]]></category>
		<category domain="category" nicename="travel"><![CDATA[Travel]]></category>
		<wp:postmeta>
			<wp:meta_key><![CDATA[_vc_post_settings]]></wp:meta_key>
			<wp:meta_value><![CDATA[a:1:{s:10:"vc_grid_id";a:0:{}}]]></wp:meta_value>
		</wp:postmeta>
		<wp:postmeta>
			<wp:meta_key><![CDATA[_edit_last]]></wp:meta_key>
			<wp:meta_value><![CDATA[1]]></wp:meta_value>
		</wp:postmeta>
		<wp:postmeta>
			<wp:meta_key><![CDATA[b_vid]]></wp:meta_key>
			<wp:meta_value><![CDATA[https://w.soundcloud.com/player/?url=https%3A//api.soundcloud.com/tracks/208093589&color=0cb4ce&auto_play=false&hide_related=false&show_comments=true&show_user=true&show_reposts=false]]></wp:meta_value>
		</wp:postmeta>
		<wp:postmeta>
			<wp:meta_key><![CDATA[_oembed_a330be8830f004369a6537c05a25c6fc]]></wp:meta_key>
			<wp:meta_value><![CDATA[{{unknown}}]]></wp:meta_value>
		</wp:postmeta>
		<wp:postmeta>
			<wp:meta_key><![CDATA[_thumbnail_id]]></wp:meta_key>
			<wp:meta_value><![CDATA[767]]></wp:meta_value>
		</wp:postmeta>
	</item>
	<item>
		<title>Final Kickstarter Week - Vote</title>
		<link>http://thenordik.com/demo/themeforest/wordpress/wander/six-steps-to-success/</link>
		<pubDate>Sat, 25 Jun 2016 06:32:10 +0000</pubDate>
		<dc:creator><![CDATA[wander]]></dc:creator>
		<guid isPermaLink="false">http://localhost/wander/?p=750</guid>
		<description></description>
		<content:encoded><![CDATA[ <p>Contrary to popular belief, Lorem Ipsum is not simply random text. It has roots in a piece of classical Latin literature from 45 BC, making it over 2000 years old. Richard McClintock, a Latin professor at Hampden-Sydney College in Virginia, looked up one of the more obscure Latin words, consectetur, from a Lorem Ipsum passage, and going through the cites.</p>
 <p>Lorem Ipsum comes from sections 1.10.32 and 1.10.33 of "de Finibus Bonorum et Malorum" (The Extremes of Good and Evil) by Cicero, written in 45 BC. This book is a treatise on the theory of ethics, very popular during the Renaissance. The first line of Lorem Ipsum, "Lorem ipsum dolor sit amet..", comes from a line in section. The standard chunk of Lorem Ipsum used since the 1500s is reproduced below for those interested. There are many variations of passages of Lorem Ipsum available, but the majority.</p>
<p>Phasellus nibh tortor, varius vitae orci sit amet, placerat ornare quam. Nunc sapien risus, <strong>tictum id orci quis, rutrum cursus ipsum. Phasellus pellentesque ultricies pretium.</strong></p>

<blockquote><p>Phasellus nibh tortor, varius vitae orci sit amet, placerat ornare quam. Nunc sapien risus, tictum id orci quis, rutrum cursus ipsum. ultricies pretium. Phasellus nibh tortor, varius vitae orci sit amet, <strong>placerat ornare quamm, nunc</strong> sapien risus, <strong>tictum id orci quis, rutrum</strong> cursus ipsum. Phasellus pellentesque ultricies pretium, placerat ornare quam</p></blockquote>

<p>Lorem ipsum dolor sit amet, consetetur sadipscing elitr, sed diam nonumy eirmod tempor invidunt ut labore et dolore magna aliquyam erat, sed diam voluptua. At vero eos et accusam et justo duo <a href="#">dolores et ea</a> rebum. Stet clita kasd gubergren, no sea takimata sanctus <a href="#">magna aliquyam erat</a>, sed diam voluptua. At vero eos et accusam et justo duo dolores et ea rebum. Stet clita kasd gubergren, no sea takimata sanctus est Lorem ipsum dolor sit amet.<p>  

<p><em>Vestibulum ante ipsum primis in faucibus orci luctus et ultrices posuere cubilia Curae; Nam at velit nisl. Aenean vitae est nisl. Cras molestie molestie nisl vel imperdiet. Donec vel mi sem.</em></p>]]></content:encoded>
		<excerpt:encoded><![CDATA[]]></excerpt:encoded>
		<wp:post_id>750</wp:post_id>
		<wp:post_date><![CDATA[2016-06-25 06:32:10]]></wp:post_date>
		<wp:post_date_gmt><![CDATA[2016-06-25 06:32:10]]></wp:post_date_gmt>
		<wp:comment_status><![CDATA[open]]></wp:comment_status>
		<wp:ping_status><![CDATA[open]]></wp:ping_status>
		<wp:post_name><![CDATA[six-steps-to-success]]></wp:post_name>
		<wp:status><![CDATA[publish]]></wp:status>
		<wp:post_parent>0</wp:post_parent>
		<wp:menu_order>0</wp:menu_order>
		<wp:post_type><![CDATA[post]]></wp:post_type>
		<wp:post_password><![CDATA[]]></wp:post_password>
		<wp:is_sticky>0</wp:is_sticky>
		<category domain="post_format" nicename="post-format-video"><![CDATA[Video]]></category>
		<category domain="category" nicename="travel"><![CDATA[Travel]]></category>
		<category domain="category" nicename="wander"><![CDATA[Wander]]></category>
		<wp:postmeta>
			<wp:meta_key><![CDATA[_vc_post_settings]]></wp:meta_key>
			<wp:meta_value><![CDATA[a:1:{s:10:"vc_grid_id";a:0:{}}]]></wp:meta_value>
		</wp:postmeta>
		<wp:postmeta>
			<wp:meta_key><![CDATA[_edit_last]]></wp:meta_key>
			<wp:meta_value><![CDATA[1]]></wp:meta_value>
		</wp:postmeta>
		<wp:postmeta>
			<wp:meta_key><![CDATA[b_vid]]></wp:meta_key>
			<wp:meta_value><![CDATA[http://player.vimeo.com/video/157100757]]></wp:meta_value>
		</wp:postmeta>
		<wp:postmeta>
			<wp:meta_key><![CDATA[_oembed_bc7cea6a45e4178e0233bc6229b1e3b7]]></wp:meta_key>
			<wp:meta_value><![CDATA[<iframe width="360" height="270" src="https://www.youtube.com/embed/videoseries?list=RD2yeBbk12S00" frameborder="0" allowfullscreen></iframe>]]></wp:meta_value>
		</wp:postmeta>
		<wp:postmeta>
			<wp:meta_key><![CDATA[_oembed_time_bc7cea6a45e4178e0233bc6229b1e3b7]]></wp:meta_key>
			<wp:meta_value><![CDATA[1466930355]]></wp:meta_value>
		</wp:postmeta>
		<wp:postmeta>
			<wp:meta_key><![CDATA[_thumbnail_id]]></wp:meta_key>
			<wp:meta_value><![CDATA[836]]></wp:meta_value>
		</wp:postmeta>
	</item>
	<item>
		<title>Branding Inspiration From Wander</title>
		<link>http://thenordik.com/demo/themeforest/wordpress/wander/how-to-take-a-photo/</link>
		<pubDate>Sat, 25 Jun 2016 06:32:10 +0000</pubDate>
		<dc:creator><![CDATA[wander]]></dc:creator>
		<guid isPermaLink="false">http://localhost/wander/?p=751</guid>
		<description></description>
		<content:encoded><![CDATA[<p>Contrary to popular belief, Lorem Ipsum is not simply random text. It has roots in a piece of classical Latin literature from 45 BC, making it over 2000 years old. Richard McClintock, a Latin professor at Hampden-Sydney College in Virginia, looked up one of the more obscure Latin words, consectetur, from a Lorem Ipsum passage, and going through the cites.</p>
 <p>Lorem Ipsum comes from sections 1.10.32 and 1.10.33 of "de Finibus Bonorum et Malorum" (The Extremes of Good and Evil) by Cicero, written in 45 BC. This book is a treatise on the theory of ethics, very popular during the Renaissance. The first line of Lorem Ipsum, "Lorem ipsum dolor sit amet..", comes from a line in section. The standard chunk of Lorem Ipsum used since the 1500s is reproduced below for those interested. There are many variations of passages of Lorem Ipsum available, but the majority.</p>
<p>Phasellus nibh tortor, varius vitae orci sit amet, placerat ornare quam. Nunc sapien risus, <strong>tictum id orci quis, rutrum cursus ipsum. Phasellus pellentesque ultricies pretium.</strong></p>

<blockquote><p>Phasellus nibh tortor, varius vitae orci sit amet, placerat ornare quam. Nunc sapien risus, tictum id orci quis, rutrum cursus ipsum. ultricies pretium. Phasellus nibh tortor, varius vitae orci sit amet, <strong>placerat ornare quamm, nunc</strong> sapien risus, <strong>tictum id orci quis, rutrum</strong> cursus ipsum. Phasellus pellentesque ultricies pretium, placerat ornare quam</p></blockquote>

<p>Lorem ipsum dolor sit amet, consetetur sadipscing elitr, sed diam nonumy eirmod tempor invidunt ut labore et dolore magna aliquyam erat, sed diam voluptua. At vero eos et accusam et justo duo <a href="#">dolores et ea</a> rebum. Stet clita kasd gubergren, no sea takimata sanctus <a href="#">magna aliquyam erat</a>, sed diam voluptua. At vero eos et accusam et justo duo dolores et ea rebum. Stet clita kasd gubergren, no sea takimata sanctus est Lorem ipsum dolor sit amet.<p>  

<p><em>Vestibulum ante ipsum primis in faucibus orci luctus et ultrices posuere cubilia Curae; Nam at velit nisl. Aenean vitae est nisl. Cras molestie molestie nisl vel imperdiet. Donec vel mi sem.</em></p>]]></content:encoded>
		<excerpt:encoded><![CDATA[]]></excerpt:encoded>
		<wp:post_id>751</wp:post_id>
		<wp:post_date><![CDATA[2016-06-25 06:32:10]]></wp:post_date>
		<wp:post_date_gmt><![CDATA[2016-06-25 06:32:10]]></wp:post_date_gmt>
		<wp:comment_status><![CDATA[open]]></wp:comment_status>
		<wp:ping_status><![CDATA[open]]></wp:ping_status>
		<wp:post_name><![CDATA[how-to-take-a-photo]]></wp:post_name>
		<wp:status><![CDATA[publish]]></wp:status>
		<wp:post_parent>0</wp:post_parent>
		<wp:menu_order>0</wp:menu_order>
		<wp:post_type><![CDATA[post]]></wp:post_type>
		<wp:post_password><![CDATA[]]></wp:post_password>
		<wp:is_sticky>0</wp:is_sticky>
		<category domain="category" nicename="lifestyle"><![CDATA[Lifestyle]]></category>
		<category domain="post_format" nicename="post-format-gallery"><![CDATA[Gallery]]></category>
		<category domain="category" nicename="travel"><![CDATA[Travel]]></category>
		<wp:postmeta>
			<wp:meta_key><![CDATA[_vc_post_settings]]></wp:meta_key>
			<wp:meta_value><![CDATA[a:1:{s:10:"vc_grid_id";a:0:{}}]]></wp:meta_value>
		</wp:postmeta>
		<wp:postmeta>
			<wp:meta_key><![CDATA[_edit_last]]></wp:meta_key>
			<wp:meta_value><![CDATA[1]]></wp:meta_value>
		</wp:postmeta>
		<wp:postmeta>
			<wp:meta_key><![CDATA[_thumbnail_id]]></wp:meta_key>
			<wp:meta_value><![CDATA[766]]></wp:meta_value>
		</wp:postmeta>
		<wp:postmeta>
			<wp:meta_key><![CDATA[b_img]]></wp:meta_key>
			<wp:meta_value><![CDATA[832]]></wp:meta_value>
		</wp:postmeta>
		<wp:postmeta>
			<wp:meta_key><![CDATA[b_img]]></wp:meta_key>
			<wp:meta_value><![CDATA[831]]></wp:meta_value>
		</wp:postmeta>
		<wp:postmeta>
			<wp:meta_key><![CDATA[b_img]]></wp:meta_key>
			<wp:meta_value><![CDATA[830]]></wp:meta_value>
		</wp:postmeta>
	</item>
	<item>
		<title>Eos an efficiantur deterruisset pri</title>
		<link>http://thenordik.com/demo/themeforest/wordpress/wander/is-the-monster-real/</link>
		<pubDate>Sat, 25 Jun 2016 06:31:36 +0000</pubDate>
		<dc:creator><![CDATA[wander]]></dc:creator>
		<guid isPermaLink="false">http://localhost/wander/?p=755</guid>
		<description></description>
		<content:encoded><![CDATA[ <p>Contrary to popular belief, Lorem Ipsum is not simply random text. It has roots in a piece of classical Latin literature from 45 BC, making it over 2000 years old. Richard McClintock, a Latin professor at Hampden-Sydney College in Virginia, looked up one of the more obscure Latin words, consectetur, from a Lorem Ipsum passage, and going through the cites.</p>
 <p>Lorem Ipsum comes from sections 1.10.32 and 1.10.33 of "de Finibus Bonorum et Malorum" (The Extremes of Good and Evil) by Cicero, written in 45 BC. This book is a treatise on the theory of ethics, very popular during the Renaissance. The first line of Lorem Ipsum, "Lorem ipsum dolor sit amet..", comes from a line in section. The standard chunk of Lorem Ipsum used since the 1500s is reproduced below for those interested. There are many variations of passages of Lorem Ipsum available, but the majority.</p>
<p>Phasellus nibh tortor, varius vitae orci sit amet, placerat ornare quam. Nunc sapien risus, <strong>tictum id orci quis, rutrum cursus ipsum. Phasellus pellentesque ultricies pretium.</strong></p>

<blockquote><p>Phasellus nibh tortor, varius vitae orci sit amet, placerat ornare quam. Nunc sapien risus, tictum id orci quis, rutrum cursus ipsum. ultricies pretium. Phasellus nibh tortor, varius vitae orci sit amet, <strong>placerat ornare quamm, nunc</strong> sapien risus, <strong>tictum id orci quis, rutrum</strong> cursus ipsum. Phasellus pellentesque ultricies pretium, placerat ornare quam</p></blockquote>

<p>Lorem ipsum dolor sit amet, consetetur sadipscing elitr, sed diam nonumy eirmod tempor invidunt ut labore et dolore magna aliquyam erat, sed diam voluptua. At vero eos et accusam et justo duo <a href="#">dolores et ea</a> rebum. Stet clita kasd gubergren, no sea takimata sanctus <a href="#">magna aliquyam erat</a>, sed diam voluptua. At vero eos et accusam et justo duo dolores et ea rebum. Stet clita kasd gubergren, no sea takimata sanctus est Lorem ipsum dolor sit amet.<p>  

<p><em>Vestibulum ante ipsum primis in faucibus orci luctus et ultrices posuere cubilia Curae; Nam at velit nisl. Aenean vitae est nisl. Cras molestie molestie nisl vel imperdiet. Donec vel mi sem.</em></p>]]></content:encoded>
		<excerpt:encoded><![CDATA[]]></excerpt:encoded>
		<wp:post_id>755</wp:post_id>
		<wp:post_date><![CDATA[2016-06-25 06:31:36]]></wp:post_date>
		<wp:post_date_gmt><![CDATA[2016-06-25 06:31:36]]></wp:post_date_gmt>
		<wp:comment_status><![CDATA[open]]></wp:comment_status>
		<wp:ping_status><![CDATA[open]]></wp:ping_status>
		<wp:post_name><![CDATA[is-the-monster-real]]></wp:post_name>
		<wp:status><![CDATA[publish]]></wp:status>
		<wp:post_parent>0</wp:post_parent>
		<wp:menu_order>0</wp:menu_order>
		<wp:post_type><![CDATA[post]]></wp:post_type>
		<wp:post_password><![CDATA[]]></wp:post_password>
		<wp:is_sticky>0</wp:is_sticky>
		<category domain="category" nicename="other-bits"><![CDATA[Other Bits]]></category>
		<category domain="category" nicename="travel"><![CDATA[Travel]]></category>
		<wp:postmeta>
			<wp:meta_key><![CDATA[_vc_post_settings]]></wp:meta_key>
			<wp:meta_value><![CDATA[a:1:{s:10:"vc_grid_id";a:0:{}}]]></wp:meta_value>
		</wp:postmeta>
		<wp:postmeta>
			<wp:meta_key><![CDATA[_edit_last]]></wp:meta_key>
			<wp:meta_value><![CDATA[1]]></wp:meta_value>
		</wp:postmeta>
		<wp:postmeta>
			<wp:meta_key><![CDATA[_thumbnail_id]]></wp:meta_key>
			<wp:meta_value><![CDATA[763]]></wp:meta_value>
		</wp:postmeta>
	</item>
	<item>
		<title>Brute senserit voluptatibus sed et</title>
		<link>http://thenordik.com/demo/themeforest/wordpress/wander/you-should-go-there/</link>
		<pubDate>Sat, 25 Jun 2016 06:31:39 +0000</pubDate>
		<dc:creator><![CDATA[wander]]></dc:creator>
		<guid isPermaLink="false">http://localhost/wander/?p=756</guid>
		<description></description>
		<content:encoded><![CDATA[ <p>Contrary to popular belief, Lorem Ipsum is not simply random text. It has roots in a piece of classical Latin literature from 45 BC, making it over 2000 years old. Richard McClintock, a Latin professor at Hampden-Sydney College in Virginia, looked up one of the more obscure Latin words, consectetur, from a Lorem Ipsum passage, and going through the cites.</p>
 <p>Lorem Ipsum comes from sections 1.10.32 and 1.10.33 of "de Finibus Bonorum et Malorum" (The Extremes of Good and Evil) by Cicero, written in 45 BC. This book is a treatise on the theory of ethics, very popular during the Renaissance. The first line of Lorem Ipsum, "Lorem ipsum dolor sit amet..", comes from a line in section. The standard chunk of Lorem Ipsum used since the 1500s is reproduced below for those interested. There are many variations of passages of Lorem Ipsum available, but the majority.</p>
<p>Phasellus nibh tortor, varius vitae orci sit amet, placerat ornare quam. Nunc sapien risus, <strong>tictum id orci quis, rutrum cursus ipsum. Phasellus pellentesque ultricies pretium.</strong></p>

<blockquote><p>Phasellus nibh tortor, varius vitae orci sit amet, placerat ornare quam. Nunc sapien risus, tictum id orci quis, rutrum cursus ipsum. ultricies pretium. Phasellus nibh tortor, varius vitae orci sit amet, <strong>placerat ornare quamm, nunc</strong> sapien risus, <strong>tictum id orci quis, rutrum</strong> cursus ipsum. Phasellus pellentesque ultricies pretium, placerat ornare quam</p></blockquote>

<p>Lorem ipsum dolor sit amet, consetetur sadipscing elitr, sed diam nonumy eirmod tempor invidunt ut labore et dolore magna aliquyam erat, sed diam voluptua. At vero eos et accusam et justo duo <a href="#">dolores et ea</a> rebum. Stet clita kasd gubergren, no sea takimata sanctus <a href="#">magna aliquyam erat</a>, sed diam voluptua. At vero eos et accusam et justo duo dolores et ea rebum. Stet clita kasd gubergren, no sea takimata sanctus est Lorem ipsum dolor sit amet.<p>  

<p><em>Vestibulum ante ipsum primis in faucibus orci luctus et ultrices posuere cubilia Curae; Nam at velit nisl. Aenean vitae est nisl. Cras molestie molestie nisl vel imperdiet. Donec vel mi sem.</em></p>]]></content:encoded>
		<excerpt:encoded><![CDATA[]]></excerpt:encoded>
		<wp:post_id>756</wp:post_id>
		<wp:post_date><![CDATA[2016-06-25 06:31:39]]></wp:post_date>
		<wp:post_date_gmt><![CDATA[2016-06-25 06:31:39]]></wp:post_date_gmt>
		<wp:comment_status><![CDATA[open]]></wp:comment_status>
		<wp:ping_status><![CDATA[open]]></wp:ping_status>
		<wp:post_name><![CDATA[you-should-go-there]]></wp:post_name>
		<wp:status><![CDATA[publish]]></wp:status>
		<wp:post_parent>0</wp:post_parent>
		<wp:menu_order>0</wp:menu_order>
		<wp:post_type><![CDATA[post]]></wp:post_type>
		<wp:post_password><![CDATA[]]></wp:post_password>
		<wp:is_sticky>0</wp:is_sticky>
		<category domain="category" nicename="lifestyle"><![CDATA[Lifestyle]]></category>
		<category domain="category" nicename="wander"><![CDATA[Wander]]></category>
		<wp:postmeta>
			<wp:meta_key><![CDATA[_vc_post_settings]]></wp:meta_key>
			<wp:meta_value><![CDATA[a:1:{s:10:"vc_grid_id";a:0:{}}]]></wp:meta_value>
		</wp:postmeta>
		<wp:postmeta>
			<wp:meta_key><![CDATA[_edit_last]]></wp:meta_key>
			<wp:meta_value><![CDATA[1]]></wp:meta_value>
		</wp:postmeta>
		<wp:postmeta>
			<wp:meta_key><![CDATA[_thumbnail_id]]></wp:meta_key>
			<wp:meta_value><![CDATA[764]]></wp:meta_value>
		</wp:postmeta>
	</item>
	<item>
		<title>mea et sint temporibus, no dico</title>
		<link>http://thenordik.com/demo/themeforest/wordpress/wander/the-creative-edge/</link>
		<pubDate>Sat, 25 Jun 2016 06:31:46 +0000</pubDate>
		<dc:creator><![CDATA[wander]]></dc:creator>
		<guid isPermaLink="false">http://localhost/wander/?p=757</guid>
		<description></description>
		<content:encoded><![CDATA[ <p>Contrary to popular belief, Lorem Ipsum is not simply random text. It has roots in a piece of classical Latin literature from 45 BC, making it over 2000 years old. Richard McClintock, a Latin professor at Hampden-Sydney College in Virginia, looked up one of the more obscure Latin words, consectetur, from a Lorem Ipsum passage, and going through the cites.</p>
 <p>Lorem Ipsum comes from sections 1.10.32 and 1.10.33 of "de Finibus Bonorum et Malorum" (The Extremes of Good and Evil) by Cicero, written in 45 BC. This book is a treatise on the theory of ethics, very popular during the Renaissance. The first line of Lorem Ipsum, "Lorem ipsum dolor sit amet..", comes from a line in section. The standard chunk of Lorem Ipsum used since the 1500s is reproduced below for those interested. There are many variations of passages of Lorem Ipsum available, but the majority.</p>
<p>Phasellus nibh tortor, varius vitae orci sit amet, placerat ornare quam. Nunc sapien risus, <strong>tictum id orci quis, rutrum cursus ipsum. Phasellus pellentesque ultricies pretium.</strong></p>

<blockquote><p>Phasellus nibh tortor, varius vitae orci sit amet, placerat ornare quam. Nunc sapien risus, tictum id orci quis, rutrum cursus ipsum. ultricies pretium. Phasellus nibh tortor, varius vitae orci sit amet, <strong>placerat ornare quamm, nunc</strong> sapien risus, <strong>tictum id orci quis, rutrum</strong> cursus ipsum. Phasellus pellentesque ultricies pretium, placerat ornare quam</p></blockquote>

<p>Lorem ipsum dolor sit amet, consetetur sadipscing elitr, sed diam nonumy eirmod tempor invidunt ut labore et dolore magna aliquyam erat, sed diam voluptua. At vero eos et accusam et justo duo <a href="#">dolores et ea</a> rebum. Stet clita kasd gubergren, no sea takimata sanctus <a href="#">magna aliquyam erat</a>, sed diam voluptua. At vero eos et accusam et justo duo dolores et ea rebum. Stet clita kasd gubergren, no sea takimata sanctus est Lorem ipsum dolor sit amet.<p>  

<p><em>Vestibulum ante ipsum primis in faucibus orci luctus et ultrices posuere cubilia Curae; Nam at velit nisl. Aenean vitae est nisl. Cras molestie molestie nisl vel imperdiet. Donec vel mi sem.</em></p>]]></content:encoded>
		<excerpt:encoded><![CDATA[]]></excerpt:encoded>
		<wp:post_id>757</wp:post_id>
		<wp:post_date><![CDATA[2016-06-25 06:31:46]]></wp:post_date>
		<wp:post_date_gmt><![CDATA[2016-06-25 06:31:46]]></wp:post_date_gmt>
		<wp:comment_status><![CDATA[open]]></wp:comment_status>
		<wp:ping_status><![CDATA[open]]></wp:ping_status>
		<wp:post_name><![CDATA[the-creative-edge]]></wp:post_name>
		<wp:status><![CDATA[publish]]></wp:status>
		<wp:post_parent>0</wp:post_parent>
		<wp:menu_order>0</wp:menu_order>
		<wp:post_type><![CDATA[post]]></wp:post_type>
		<wp:post_password><![CDATA[]]></wp:post_password>
		<wp:is_sticky>0</wp:is_sticky>
		<category domain="category" nicename="lifestyle"><![CDATA[Lifestyle]]></category>
		<category domain="category" nicename="other-bits"><![CDATA[Other Bits]]></category>
		<wp:postmeta>
			<wp:meta_key><![CDATA[_vc_post_settings]]></wp:meta_key>
			<wp:meta_value><![CDATA[a:1:{s:10:"vc_grid_id";a:0:{}}]]></wp:meta_value>
		</wp:postmeta>
		<wp:postmeta>
			<wp:meta_key><![CDATA[_edit_last]]></wp:meta_key>
			<wp:meta_value><![CDATA[1]]></wp:meta_value>
		</wp:postmeta>
		<wp:postmeta>
			<wp:meta_key><![CDATA[_thumbnail_id]]></wp:meta_key>
			<wp:meta_value><![CDATA[765]]></wp:meta_value>
		</wp:postmeta>
	</item>
	<item>
		<title>Sea adhuc phae drum oportere</title>
		<link>http://thenordik.com/demo/themeforest/wordpress/wander/my-indsiders-guide/</link>
		<pubDate>Sat, 25 Jun 2016 06:31:51 +0000</pubDate>
		<dc:creator><![CDATA[wander]]></dc:creator>
		<guid isPermaLink="false">http://localhost/wander/?p=758</guid>
		<description></description>
		<content:encoded><![CDATA[ <p>Contrary to popular belief, Lorem Ipsum is not simply random text. It has roots in a piece of classical Latin literature from 45 BC, making it over 2000 years old. Richard McClintock, a Latin professor at Hampden-Sydney College in Virginia, looked up one of the more obscure Latin words, consectetur, from a Lorem Ipsum passage, and going through the cites.</p>
 <p>Lorem Ipsum comes from sections 1.10.32 and 1.10.33 of "de Finibus Bonorum et Malorum" (The Extremes of Good and Evil) by Cicero, written in 45 BC. This book is a treatise on the theory of ethics, very popular during the Renaissance. The first line of Lorem Ipsum, "Lorem ipsum dolor sit amet..", comes from a line in section. The standard chunk of Lorem Ipsum used since the 1500s is reproduced below for those interested. There are many variations of passages of Lorem Ipsum available, but the majority.</p>
<p>Phasellus nibh tortor, varius vitae orci sit amet, placerat ornare quam. Nunc sapien risus, <strong>tictum id orci quis, rutrum cursus ipsum. Phasellus pellentesque ultricies pretium.</strong></p>

<blockquote><p>Phasellus nibh tortor, varius vitae orci sit amet, placerat ornare quam. Nunc sapien risus, tictum id orci quis, rutrum cursus ipsum. ultricies pretium. Phasellus nibh tortor, varius vitae orci sit amet, <strong>placerat ornare quamm, nunc</strong> sapien risus, <strong>tictum id orci quis, rutrum</strong> cursus ipsum. Phasellus pellentesque ultricies pretium, placerat ornare quam</p></blockquote>

<p>Lorem ipsum dolor sit amet, consetetur sadipscing elitr, sed diam nonumy eirmod tempor invidunt ut labore et dolore magna aliquyam erat, sed diam voluptua. At vero eos et accusam et justo duo <a href="#">dolores et ea</a> rebum. Stet clita kasd gubergren, no sea takimata sanctus <a href="#">magna aliquyam erat</a>, sed diam voluptua. At vero eos et accusam et justo duo dolores et ea rebum. Stet clita kasd gubergren, no sea takimata sanctus est Lorem ipsum dolor sit amet.<p>  

<p><em>Vestibulum ante ipsum primis in faucibus orci luctus et ultrices posuere cubilia Curae; Nam at velit nisl. Aenean vitae est nisl. Cras molestie molestie nisl vel imperdiet. Donec vel mi sem.</em></p>]]></content:encoded>
		<excerpt:encoded><![CDATA[]]></excerpt:encoded>
		<wp:post_id>758</wp:post_id>
		<wp:post_date><![CDATA[2016-06-25 06:31:51]]></wp:post_date>
		<wp:post_date_gmt><![CDATA[2016-06-25 06:31:51]]></wp:post_date_gmt>
		<wp:comment_status><![CDATA[open]]></wp:comment_status>
		<wp:ping_status><![CDATA[open]]></wp:ping_status>
		<wp:post_name><![CDATA[my-indsiders-guide]]></wp:post_name>
		<wp:status><![CDATA[publish]]></wp:status>
		<wp:post_parent>0</wp:post_parent>
		<wp:menu_order>0</wp:menu_order>
		<wp:post_type><![CDATA[post]]></wp:post_type>
		<wp:post_password><![CDATA[]]></wp:post_password>
		<wp:is_sticky>0</wp:is_sticky>
		<category domain="category" nicename="other-bits"><![CDATA[Other Bits]]></category>
		<category domain="category" nicename="travel"><![CDATA[Travel]]></category>
		<wp:postmeta>
			<wp:meta_key><![CDATA[_vc_post_settings]]></wp:meta_key>
			<wp:meta_value><![CDATA[a:1:{s:10:"vc_grid_id";a:0:{}}]]></wp:meta_value>
		</wp:postmeta>
		<wp:postmeta>
			<wp:meta_key><![CDATA[_edit_last]]></wp:meta_key>
			<wp:meta_value><![CDATA[1]]></wp:meta_value>
		</wp:postmeta>
		<wp:postmeta>
			<wp:meta_key><![CDATA[_thumbnail_id]]></wp:meta_key>
			<wp:meta_value><![CDATA[766]]></wp:meta_value>
		</wp:postmeta>
	</item>
	<item>
		<title>magna nostrum, libris debitis his in</title>
		<link>http://thenordik.com/demo/themeforest/wordpress/wander/visiting-iceland/</link>
		<pubDate>Sat, 25 Jun 2016 06:31:54 +0000</pubDate>
		<dc:creator><![CDATA[wander]]></dc:creator>
		<guid isPermaLink="false">http://localhost/wander/?p=759</guid>
		<description></description>
		<content:encoded><![CDATA[ <p>Contrary to popular belief, Lorem Ipsum is not simply random text. It has roots in a piece of classical Latin literature from 45 BC, making it over 2000 years old. Richard McClintock, a Latin professor at Hampden-Sydney College in Virginia, looked up one of the more obscure Latin words, consectetur, from a Lorem Ipsum passage, and going through the cites.</p>
 <p>Lorem Ipsum comes from sections 1.10.32 and 1.10.33 of "de Finibus Bonorum et Malorum" (The Extremes of Good and Evil) by Cicero, written in 45 BC. This book is a treatise on the theory of ethics, very popular during the Renaissance. The first line of Lorem Ipsum, "Lorem ipsum dolor sit amet..", comes from a line in section. The standard chunk of Lorem Ipsum used since the 1500s is reproduced below for those interested. There are many variations of passages of Lorem Ipsum available, but the majority.</p>
<p>Phasellus nibh tortor, varius vitae orci sit amet, placerat ornare quam. Nunc sapien risus, <strong>tictum id orci quis, rutrum cursus ipsum. Phasellus pellentesque ultricies pretium.</strong></p>

<blockquote><p>Phasellus nibh tortor, varius vitae orci sit amet, placerat ornare quam. Nunc sapien risus, tictum id orci quis, rutrum cursus ipsum. ultricies pretium. Phasellus nibh tortor, varius vitae orci sit amet, <strong>placerat ornare quamm, nunc</strong> sapien risus, <strong>tictum id orci quis, rutrum</strong> cursus ipsum. Phasellus pellentesque ultricies pretium, placerat ornare quam</p></blockquote>

<p>Lorem ipsum dolor sit amet, consetetur sadipscing elitr, sed diam nonumy eirmod tempor invidunt ut labore et dolore magna aliquyam erat, sed diam voluptua. At vero eos et accusam et justo duo <a href="#">dolores et ea</a> rebum. Stet clita kasd gubergren, no sea takimata sanctus <a href="#">magna aliquyam erat</a>, sed diam voluptua. At vero eos et accusam et justo duo dolores et ea rebum. Stet clita kasd gubergren, no sea takimata sanctus est Lorem ipsum dolor sit amet.<p>  

<p><em>Vestibulum ante ipsum primis in faucibus orci luctus et ultrices posuere cubilia Curae; Nam at velit nisl. Aenean vitae est nisl. Cras molestie molestie nisl vel imperdiet. Donec vel mi sem.</em></p>]]></content:encoded>
		<excerpt:encoded><![CDATA[]]></excerpt:encoded>
		<wp:post_id>759</wp:post_id>
		<wp:post_date><![CDATA[2016-06-25 06:31:54]]></wp:post_date>
		<wp:post_date_gmt><![CDATA[2016-06-25 06:31:54]]></wp:post_date_gmt>
		<wp:comment_status><![CDATA[open]]></wp:comment_status>
		<wp:ping_status><![CDATA[open]]></wp:ping_status>
		<wp:post_name><![CDATA[visiting-iceland]]></wp:post_name>
		<wp:status><![CDATA[publish]]></wp:status>
		<wp:post_parent>0</wp:post_parent>
		<wp:menu_order>0</wp:menu_order>
		<wp:post_type><![CDATA[post]]></wp:post_type>
		<wp:post_password><![CDATA[]]></wp:post_password>
		<wp:is_sticky>0</wp:is_sticky>
		<category domain="category" nicename="travel"><![CDATA[Travel]]></category>
		<category domain="category" nicename="wander"><![CDATA[Wander]]></category>
		<wp:postmeta>
			<wp:meta_key><![CDATA[_vc_post_settings]]></wp:meta_key>
			<wp:meta_value><![CDATA[a:1:{s:10:"vc_grid_id";a:0:{}}]]></wp:meta_value>
		</wp:postmeta>
		<wp:postmeta>
			<wp:meta_key><![CDATA[_edit_last]]></wp:meta_key>
			<wp:meta_value><![CDATA[1]]></wp:meta_value>
		</wp:postmeta>
		<wp:postmeta>
			<wp:meta_key><![CDATA[_thumbnail_id]]></wp:meta_key>
			<wp:meta_value><![CDATA[767]]></wp:meta_value>
		</wp:postmeta>
	</item>
	<item>
		<title>Lorem ipsum dolor sit amet, in vel</title>
		<link>http://thenordik.com/demo/themeforest/wordpress/wander/how-to-get-around/</link>
		<pubDate>Sat, 25 Jun 2016 06:31:59 +0000</pubDate>
		<dc:creator><![CDATA[wander]]></dc:creator>
		<guid isPermaLink="false">http://localhost/wander/?p=760</guid>
		<description></description>
		<content:encoded><![CDATA[ <p>Contrary to popular belief, Lorem Ipsum is not simply random text. It has roots in a piece of classical Latin literature from 45 BC, making it over 2000 years old. Richard McClintock, a Latin professor at Hampden-Sydney College in Virginia, looked up one of the more obscure Latin words, consectetur, from a Lorem Ipsum passage, and going through the cites.</p>
 <p>Lorem Ipsum comes from sections 1.10.32 and 1.10.33 of "de Finibus Bonorum et Malorum" (The Extremes of Good and Evil) by Cicero, written in 45 BC. This book is a treatise on the theory of ethics, very popular during the Renaissance. The first line of Lorem Ipsum, "Lorem ipsum dolor sit amet..", comes from a line in section. The standard chunk of Lorem Ipsum used since the 1500s is reproduced below for those interested. There are many variations of passages of Lorem Ipsum available, but the majority.</p>
<p>Phasellus nibh tortor, varius vitae orci sit amet, placerat ornare quam. Nunc sapien risus, <strong>tictum id orci quis, rutrum cursus ipsum. Phasellus pellentesque ultricies pretium.</strong></p>

<blockquote><p>Phasellus nibh tortor, varius vitae orci sit amet, placerat ornare quam. Nunc sapien risus, tictum id orci quis, rutrum cursus ipsum. ultricies pretium. Phasellus nibh tortor, varius vitae orci sit amet, <strong>placerat ornare quamm, nunc</strong> sapien risus, <strong>tictum id orci quis, rutrum</strong> cursus ipsum. Phasellus pellentesque ultricies pretium, placerat ornare quam</p></blockquote>

<p>Lorem ipsum dolor sit amet, consetetur sadipscing elitr, sed diam nonumy eirmod tempor invidunt ut labore et dolore magna aliquyam erat, sed diam voluptua. At vero eos et accusam et justo duo <a href="#">dolores et ea</a> rebum. Stet clita kasd gubergren, no sea takimata sanctus <a href="#">magna aliquyam erat</a>, sed diam voluptua. At vero eos et accusam et justo duo dolores et ea rebum. Stet clita kasd gubergren, no sea takimata sanctus est Lorem ipsum dolor sit amet.<p>  

<p><em>Vestibulum ante ipsum primis in faucibus orci luctus et ultrices posuere cubilia Curae; Nam at velit nisl. Aenean vitae est nisl. Cras molestie molestie nisl vel imperdiet. Donec vel mi sem.</em></p>]]></content:encoded>
		<excerpt:encoded><![CDATA[]]></excerpt:encoded>
		<wp:post_id>760</wp:post_id>
		<wp:post_date><![CDATA[2016-06-25 06:31:59]]></wp:post_date>
		<wp:post_date_gmt><![CDATA[2016-06-25 06:31:59]]></wp:post_date_gmt>
		<wp:comment_status><![CDATA[open]]></wp:comment_status>
		<wp:ping_status><![CDATA[open]]></wp:ping_status>
		<wp:post_name><![CDATA[how-to-get-around]]></wp:post_name>
		<wp:status><![CDATA[publish]]></wp:status>
		<wp:post_parent>0</wp:post_parent>
		<wp:menu_order>0</wp:menu_order>
		<wp:post_type><![CDATA[post]]></wp:post_type>
		<wp:post_password><![CDATA[]]></wp:post_password>
		<wp:is_sticky>0</wp:is_sticky>
		<category domain="category" nicename="lifestyle"><![CDATA[Lifestyle]]></category>
		<category domain="category" nicename="other-bits"><![CDATA[Other Bits]]></category>
		<wp:postmeta>
			<wp:meta_key><![CDATA[_vc_post_settings]]></wp:meta_key>
			<wp:meta_value><![CDATA[a:1:{s:10:"vc_grid_id";a:0:{}}]]></wp:meta_value>
		</wp:postmeta>
		<wp:postmeta>
			<wp:meta_key><![CDATA[_edit_last]]></wp:meta_key>
			<wp:meta_value><![CDATA[1]]></wp:meta_value>
		</wp:postmeta>
		<wp:postmeta>
			<wp:meta_key><![CDATA[_thumbnail_id]]></wp:meta_key>
			<wp:meta_value><![CDATA[768]]></wp:meta_value>
		</wp:postmeta>
	</item>
</channel>
</rss>
