<?xml version="1.0" encoding="UTF-8" ?>
<!-- This is a WordPress eXtended RSS file generated by WordPress as an export of your site. -->
<!-- It contains information about your site's posts, pages, comments, categories, and other content. -->
<!-- You may use this file to transfer that content from one site to another. -->
<!-- This file is not intended to serve as a complete backup of your site. -->

<!-- To import this information into a WordPress site follow these steps: -->
<!-- 1. Log in to that site as an administrator. -->
<!-- 2. Go to Tools: Import in the WordPress admin panel. -->
<!-- 3. Install the "WordPress" importer from the list. -->
<!-- 4. Activate & Run Importer. -->
<!-- 5. Upload this file using the form provided on that page. -->
<!-- 6. You will first be asked to map the authors in this export file to users -->
<!--    on the site. For each author, you may choose to map to an -->
<!--    existing user on the site or to create a new user. -->
<!-- 7. WordPress will then import each of the posts, pages, comments, categories, etc. -->
<!--    contained in this file into your site. -->

<!-- generator="WordPress/4.5.4" created="2016-10-10 12:41" -->
<rss version="2.0"
	xmlns:excerpt="http://wordpress.org/export/1.2/excerpt/"
	xmlns:content="http://purl.org/rss/1.0/modules/content/"
	xmlns:wfw="http://wellformedweb.org/CommentAPI/"
	xmlns:dc="http://purl.org/dc/elements/1.1/"
	xmlns:wp="http://wordpress.org/export/1.2/"
>

<channel>
	<title>Wander</title>
	<link>http://thenordik.com/demo/themeforest/wordpress/wander</link>
	<description>Multipurpose WordPress Template</description>
	<pubDate>Mon, 10 Oct 2016 12:41:08 +0000</pubDate>
	<language>en-US</language>
	<wp:wxr_version>1.2</wp:wxr_version>
	<wp:base_site_url>http://thenordik.com/demo/themeforest/wordpress/wander</wp:base_site_url>
	<wp:base_blog_url>http://thenordik.com/demo/themeforest/wordpress/wander</wp:base_blog_url>

	<wp:author><wp:author_id>1</wp:author_id><wp:author_login><![CDATA[wander]]></wp:author_login><wp:author_email><![CDATA[okfaisal13@gmail.com]]></wp:author_email><wp:author_display_name><![CDATA[wander]]></wp:author_display_name><wp:author_first_name><![CDATA[]]></wp:author_first_name><wp:author_last_name><![CDATA[]]></wp:author_last_name></wp:author>


	<generator>https://wordpress.org/?v=4.5.4</generator>

	<item>
		<title>Where To App</title>
		<link>http://thenordik.com/demo/themeforest/wordpress/wander/project/where-to-app/</link>
		<pubDate>Sun, 29 May 2016 04:56:46 +0000</pubDate>
		<dc:creator><![CDATA[wander]]></dc:creator>
		<guid isPermaLink="false">http://localhost/wander/?post_type=project&#038;p=20</guid>
		<description></description>
		<content:encoded><![CDATA[<p>Lorem ipsum dolor sit amet, consetetur sadipscing elitr, sed diam nonumy eirmod tempor invidunt ut labore et dolore magna aliquyam erat, sed diam voluptua. At vero eos et accusam et justo duo dolores et ea rebum. Stet clita kasd gubergren, no sea takimata sanctus magna aliquyam erat, sed diam voluptua. At vero eos et accusam et justo duo dolores et ea rebum. Stet clita kasd gubergren, no sea takimata sanctus est Lorem ipsum dolor sit amet. Vestibulum ante ipsum primis in faucibus orci luctus et ultrices posuere cubilia Curae; Nam at velit nisl. Aenean vitae est nisl. Cras molestie molestie nisl vel imperdiet. Donec vel mi sem.</p>]]></content:encoded>
		<excerpt:encoded><![CDATA[Praesent consectetur ligula eget elit pretium, eget porttitor sem rhoncus. Duis sodales turpis vel tempus pharetra. Pellentesque molestie consectetur justo at sodales. Nullam sollicitudin eget massa ut euismod. Donec vel turpis est. Cras urna sem, malesuada, viverra eget erat. Nullam sem.]]></excerpt:encoded>
		<wp:post_id>20</wp:post_id>
		<wp:post_date><![CDATA[2016-05-29 04:56:46]]></wp:post_date>
		<wp:post_date_gmt><![CDATA[2016-05-29 04:56:46]]></wp:post_date_gmt>
		<wp:comment_status><![CDATA[open]]></wp:comment_status>
		<wp:ping_status><![CDATA[closed]]></wp:ping_status>
		<wp:post_name><![CDATA[where-to-app]]></wp:post_name>
		<wp:status><![CDATA[publish]]></wp:status>
		<wp:post_parent>0</wp:post_parent>
		<wp:menu_order>0</wp:menu_order>
		<wp:post_type><![CDATA[project]]></wp:post_type>
		<wp:post_password><![CDATA[]]></wp:post_password>
		<wp:is_sticky>0</wp:is_sticky>
		<category domain="project_category" nicename="grapic"><![CDATA[Grapic]]></category>
		<category domain="project_category" nicename="web-design"><![CDATA[Web Design]]></category>
		<wp:postmeta>
			<wp:meta_key><![CDATA[_vc_post_settings]]></wp:meta_key>
			<wp:meta_value><![CDATA[a:1:{s:10:"vc_grid_id";a:0:{}}]]></wp:meta_value>
		</wp:postmeta>
		<wp:postmeta>
			<wp:meta_key><![CDATA[_vc_post_settings]]></wp:meta_key>
			<wp:meta_value><![CDATA[a:1:{s:10:"vc_grid_id";a:0:{}}]]></wp:meta_value>
		</wp:postmeta>
		<wp:postmeta>
			<wp:meta_key><![CDATA[_edit_last]]></wp:meta_key>
			<wp:meta_value><![CDATA[1]]></wp:meta_value>
		</wp:postmeta>
		<wp:postmeta>
			<wp:meta_key><![CDATA[_thumbnail_id]]></wp:meta_key>
			<wp:meta_value><![CDATA[729]]></wp:meta_value>
		</wp:postmeta>
		<wp:postmeta>
			<wp:meta_key><![CDATA[p_name]]></wp:meta_key>
			<wp:meta_value><![CDATA[Amanda Welsh]]></wp:meta_value>
		</wp:postmeta>
		<wp:postmeta>
			<wp:meta_key><![CDATA[p_date]]></wp:meta_key>
			<wp:meta_value><![CDATA[16.08.2016]]></wp:meta_value>
		</wp:postmeta>
		<wp:postmeta>
			<wp:meta_key><![CDATA[p_link]]></wp:meta_key>
			<wp:meta_value><![CDATA[www.somedomain.com]]></wp:meta_value>
		</wp:postmeta>
	</item>
	<item>
		<title>Deer Wildfile</title>
		<link>http://thenordik.com/demo/themeforest/wordpress/wander/project/deer-wildfile/</link>
		<pubDate>Sun, 29 May 2016 05:18:42 +0000</pubDate>
		<dc:creator><![CDATA[wander]]></dc:creator>
		<guid isPermaLink="false">http://localhost/wander/?post_type=project&#038;p=30</guid>
		<description></description>
		<content:encoded><![CDATA[<p>Lorem ipsum dolor sit amet, consetetur sadipscing elitr, sed diam nonumy eirmod tempor invidunt ut labore et dolore magna aliquyam erat, sed diam voluptua. At vero eos et accusam et justo duo dolores et ea rebum. Stet clita kasd gubergren, no sea takimata sanctus magna aliquyam erat, sed diam voluptua. At vero eos et accusam et justo duo dolores et ea rebum. Stet clita kasd gubergren, no sea takimata sanctus est Lorem ipsum dolor sit amet. Vestibulum ante ipsum primis in faucibus orci luctus et ultrices posuere cubilia Curae; Nam at velit nisl. Aenean vitae est nisl. Cras molestie molestie nisl vel imperdiet. Donec vel mi sem.</p>]]></content:encoded>
		<excerpt:encoded><![CDATA[Praesent consectetur ligula eget elit pretium, eget porttitor sem rhoncus. Duis sodales turpis vel tempus pharetra. Pellentesque molestie consectetur justo at sodales. Nullam sollicitudin eget massa ut euismod. Donec vel turpis est. Cras urna sem, malesuada, viverra eget erat. Nullam sem.]]></excerpt:encoded>
		<wp:post_id>701</wp:post_id>
		<wp:post_date><![CDATA[2016-05-29 05:18:42]]></wp:post_date>
		<wp:post_date_gmt><![CDATA[2016-05-29 05:18:42]]></wp:post_date_gmt>
		<wp:comment_status><![CDATA[open]]></wp:comment_status>
		<wp:ping_status><![CDATA[closed]]></wp:ping_status>
		<wp:post_name><![CDATA[deer-wildfile]]></wp:post_name>
		<wp:status><![CDATA[publish]]></wp:status>
		<wp:post_parent>0</wp:post_parent>
		<wp:menu_order>0</wp:menu_order>
		<wp:post_type><![CDATA[project]]></wp:post_type>
		<wp:post_password><![CDATA[]]></wp:post_password>
		<wp:is_sticky>0</wp:is_sticky>
		<category domain="project_category" nicename="branding"><![CDATA[Branding]]></category>
		<category domain="project_category" nicename="print"><![CDATA[Print]]></category>
		<wp:postmeta>
			<wp:meta_key><![CDATA[_vc_post_settings]]></wp:meta_key>
			<wp:meta_value><![CDATA[a:1:{s:10:"vc_grid_id";a:0:{}}]]></wp:meta_value>
		</wp:postmeta>
		<wp:postmeta>
			<wp:meta_key><![CDATA[_vc_post_settings]]></wp:meta_key>
			<wp:meta_value><![CDATA[a:1:{s:10:"vc_grid_id";a:0:{}}]]></wp:meta_value>
		</wp:postmeta>
		<wp:postmeta>
			<wp:meta_key><![CDATA[_edit_last]]></wp:meta_key>
			<wp:meta_value><![CDATA[1]]></wp:meta_value>
		</wp:postmeta>
		<wp:postmeta>
			<wp:meta_key><![CDATA[_thumbnail_id]]></wp:meta_key>
			<wp:meta_value><![CDATA[735]]></wp:meta_value>
		</wp:postmeta>
		<wp:postmeta>
			<wp:meta_key><![CDATA[p_name]]></wp:meta_key>
			<wp:meta_value><![CDATA[Amanda Welsh]]></wp:meta_value>
		</wp:postmeta>
		<wp:postmeta>
			<wp:meta_key><![CDATA[p_date]]></wp:meta_key>
			<wp:meta_value><![CDATA[16.08.2016]]></wp:meta_value>
		</wp:postmeta>
		<wp:postmeta>
			<wp:meta_key><![CDATA[p_link]]></wp:meta_key>
			<wp:meta_value><![CDATA[www.somedomain.com]]></wp:meta_value>
		</wp:postmeta>
	</item>
	<item>
		<title>Floating Apps</title>
		<link>http://thenordik.com/demo/themeforest/wordpress/wander/project/floating-apps/</link>
		<pubDate>Sun, 29 May 2016 05:19:34 +0000</pubDate>
		<dc:creator><![CDATA[wander]]></dc:creator>
		<guid isPermaLink="false">http://localhost/wander/?post_type=project&#038;p=31</guid>
		<description></description>
		<content:encoded><![CDATA[<p>Lorem ipsum dolor sit amet, consetetur sadipscing elitr, sed diam nonumy eirmod tempor invidunt ut labore et dolore magna aliquyam erat, sed diam voluptua. At vero eos et accusam et justo duo dolores et ea rebum. Stet clita kasd gubergren, no sea takimata sanctus magna aliquyam erat, sed diam voluptua. At vero eos et accusam et justo duo dolores et ea rebum. Stet clita kasd gubergren, no sea takimata sanctus est Lorem ipsum dolor sit amet. Vestibulum ante ipsum primis in faucibus orci luctus et ultrices posuere cubilia Curae; Nam at velit nisl. Aenean vitae est nisl. Cras molestie molestie nisl vel imperdiet. Donec vel mi sem.</p>]]></content:encoded>
		<excerpt:encoded><![CDATA[Praesent consectetur ligula eget elit pretium, eget porttitor sem rhoncus. Duis sodales turpis vel tempus pharetra. Pellentesque molestie consectetur justo at sodales. Nullam sollicitudin eget massa ut euismod. Donec vel turpis est. Cras urna sem, malesuada, viverra eget erat. Nullam sem.]]></excerpt:encoded>
		<wp:post_id>702</wp:post_id>
		<wp:post_date><![CDATA[2016-05-29 05:19:34]]></wp:post_date>
		<wp:post_date_gmt><![CDATA[2016-05-29 05:19:34]]></wp:post_date_gmt>
		<wp:comment_status><![CDATA[open]]></wp:comment_status>
		<wp:ping_status><![CDATA[closed]]></wp:ping_status>
		<wp:post_name><![CDATA[floating-apps]]></wp:post_name>
		<wp:status><![CDATA[publish]]></wp:status>
		<wp:post_parent>0</wp:post_parent>
		<wp:menu_order>0</wp:menu_order>
		<wp:post_type><![CDATA[project]]></wp:post_type>
		<wp:post_password><![CDATA[]]></wp:post_password>
		<wp:is_sticky>0</wp:is_sticky>
		<category domain="project_category" nicename="grapic"><![CDATA[Grapic]]></category>
		<category domain="project_category" nicename="web-design"><![CDATA[Web Design]]></category>
		<wp:postmeta>
			<wp:meta_key><![CDATA[_vc_post_settings]]></wp:meta_key>
			<wp:meta_value><![CDATA[a:1:{s:10:"vc_grid_id";a:0:{}}]]></wp:meta_value>
		</wp:postmeta>
		<wp:postmeta>
			<wp:meta_key><![CDATA[_vc_post_settings]]></wp:meta_key>
			<wp:meta_value><![CDATA[a:1:{s:10:"vc_grid_id";a:0:{}}]]></wp:meta_value>
		</wp:postmeta>
		<wp:postmeta>
			<wp:meta_key><![CDATA[_edit_last]]></wp:meta_key>
			<wp:meta_value><![CDATA[1]]></wp:meta_value>
		</wp:postmeta>
		<wp:postmeta>
			<wp:meta_key><![CDATA[_thumbnail_id]]></wp:meta_key>
			<wp:meta_value><![CDATA[734]]></wp:meta_value>
		</wp:postmeta>
		<wp:postmeta>
			<wp:meta_key><![CDATA[p_name]]></wp:meta_key>
			<wp:meta_value><![CDATA[Amanda Welsh]]></wp:meta_value>
		</wp:postmeta>
		<wp:postmeta>
			<wp:meta_key><![CDATA[p_date]]></wp:meta_key>
			<wp:meta_value><![CDATA[16.08.2016]]></wp:meta_value>
		</wp:postmeta>
		<wp:postmeta>
			<wp:meta_key><![CDATA[p_link]]></wp:meta_key>
			<wp:meta_value><![CDATA[www.somedomain.com]]></wp:meta_value>
		</wp:postmeta>
	</item>
	<item>
		<title>Wander Interface</title>
		<link>http://thenordik.com/demo/themeforest/wordpress/wander/project/wander-interface/</link>
		<pubDate>Sun, 29 May 2016 05:21:39 +0000</pubDate>
		<dc:creator><![CDATA[wander]]></dc:creator>
		<guid isPermaLink="false">http://localhost/wander/?post_type=project&#038;p=32</guid>
		<description></description>
		<content:encoded><![CDATA[<p>Lorem ipsum dolor sit amet, consetetur sadipscing elitr, sed diam nonumy eirmod tempor invidunt ut labore et dolore magna aliquyam erat, sed diam voluptua. At vero eos et accusam et justo duo dolores et ea rebum. Stet clita kasd gubergren, no sea takimata sanctus magna aliquyam erat, sed diam voluptua. At vero eos et accusam et justo duo dolores et ea rebum. Stet clita kasd gubergren, no sea takimata sanctus est Lorem ipsum dolor sit amet. Vestibulum ante ipsum primis in faucibus orci luctus et ultrices posuere cubilia Curae; Nam at velit nisl. Aenean vitae est nisl. Cras molestie molestie nisl vel imperdiet. Donec vel mi sem.</p>]]></content:encoded>
		<excerpt:encoded><![CDATA[Praesent consectetur ligula eget elit pretium, eget porttitor sem rhoncus. Duis sodales turpis vel tempus pharetra. Pellentesque molestie consectetur justo at sodales. Nullam sollicitudin eget massa ut euismod. Donec vel turpis est. Cras urna sem, malesuada, viverra eget erat. Nullam sem.]]></excerpt:encoded>
		<wp:post_id>703</wp:post_id>
		<wp:post_date><![CDATA[2016-05-29 05:21:39]]></wp:post_date>
		<wp:post_date_gmt><![CDATA[2016-05-29 05:21:39]]></wp:post_date_gmt>
		<wp:comment_status><![CDATA[open]]></wp:comment_status>
		<wp:ping_status><![CDATA[closed]]></wp:ping_status>
		<wp:post_name><![CDATA[wander-interface]]></wp:post_name>
		<wp:status><![CDATA[publish]]></wp:status>
		<wp:post_parent>0</wp:post_parent>
		<wp:menu_order>0</wp:menu_order>
		<wp:post_type><![CDATA[project]]></wp:post_type>
		<wp:post_password><![CDATA[]]></wp:post_password>
		<wp:is_sticky>0</wp:is_sticky>
		<category domain="project_category" nicename="grapic"><![CDATA[Grapic]]></category>
		<category domain="project_category" nicename="web-design"><![CDATA[Web Design]]></category>
		<wp:postmeta>
			<wp:meta_key><![CDATA[_vc_post_settings]]></wp:meta_key>
			<wp:meta_value><![CDATA[a:1:{s:10:"vc_grid_id";a:0:{}}]]></wp:meta_value>
		</wp:postmeta>
		<wp:postmeta>
			<wp:meta_key><![CDATA[_vc_post_settings]]></wp:meta_key>
			<wp:meta_value><![CDATA[a:1:{s:10:"vc_grid_id";a:0:{}}]]></wp:meta_value>
		</wp:postmeta>
		<wp:postmeta>
			<wp:meta_key><![CDATA[_edit_last]]></wp:meta_key>
			<wp:meta_value><![CDATA[1]]></wp:meta_value>
		</wp:postmeta>
		<wp:postmeta>
			<wp:meta_key><![CDATA[_thumbnail_id]]></wp:meta_key>
			<wp:meta_value><![CDATA[733]]></wp:meta_value>
		</wp:postmeta>
		<wp:postmeta>
			<wp:meta_key><![CDATA[p_name]]></wp:meta_key>
			<wp:meta_value><![CDATA[Amanda Welsh]]></wp:meta_value>
		</wp:postmeta>
		<wp:postmeta>
			<wp:meta_key><![CDATA[p_date]]></wp:meta_key>
			<wp:meta_value><![CDATA[16.08.2016]]></wp:meta_value>
		</wp:postmeta>
		<wp:postmeta>
			<wp:meta_key><![CDATA[p_link]]></wp:meta_key>
			<wp:meta_value><![CDATA[www.somedomain.com]]></wp:meta_value>
		</wp:postmeta>
	</item>
	<item>
		<title>Fabric Bag</title>
		<link>http://thenordik.com/demo/themeforest/wordpress/wander/project/fabric-bag/</link>
		<pubDate>Sun, 29 May 2016 05:25:29 +0000</pubDate>
		<dc:creator><![CDATA[wander]]></dc:creator>
		<guid isPermaLink="false">http://localhost/wander/?post_type=project&#038;p=33</guid>
		<description></description>
		<content:encoded><![CDATA[<p>Lorem ipsum dolor sit amet, consetetur sadipscing elitr, sed diam nonumy eirmod tempor invidunt ut labore et dolore magna aliquyam erat, sed diam voluptua. At vero eos et accusam et justo duo dolores et ea rebum. Stet clita kasd gubergren, no sea takimata sanctus magna aliquyam erat, sed diam voluptua. At vero eos et accusam et justo duo dolores et ea rebum. Stet clita kasd gubergren, no sea takimata sanctus est Lorem ipsum dolor sit amet. Vestibulum ante ipsum primis in faucibus orci luctus et ultrices posuere cubilia Curae; Nam at velit nisl. Aenean vitae est nisl. Cras molestie molestie nisl vel imperdiet. Donec vel mi sem.</p>]]></content:encoded>
		<excerpt:encoded><![CDATA[Praesent consectetur ligula eget elit pretium, eget porttitor sem rhoncus. Duis sodales turpis vel tempus pharetra. Pellentesque molestie consectetur justo at sodales. Nullam sollicitudin eget massa ut euismod. Donec vel turpis est. Cras urna sem, malesuada, viverra eget erat. Nullam sem.]]></excerpt:encoded>
		<wp:post_id>704</wp:post_id>
		<wp:post_date><![CDATA[2016-05-29 05:25:29]]></wp:post_date>
		<wp:post_date_gmt><![CDATA[2016-05-29 05:25:29]]></wp:post_date_gmt>
		<wp:comment_status><![CDATA[open]]></wp:comment_status>
		<wp:ping_status><![CDATA[closed]]></wp:ping_status>
		<wp:post_name><![CDATA[fabric-bag]]></wp:post_name>
		<wp:status><![CDATA[publish]]></wp:status>
		<wp:post_parent>0</wp:post_parent>
		<wp:menu_order>0</wp:menu_order>
		<wp:post_type><![CDATA[project]]></wp:post_type>
		<wp:post_password><![CDATA[]]></wp:post_password>
		<wp:is_sticky>0</wp:is_sticky>
		<category domain="project_category" nicename="branding"><![CDATA[Branding]]></category>
		<category domain="project_category" nicename="print"><![CDATA[Print]]></category>
		<wp:postmeta>
			<wp:meta_key><![CDATA[_vc_post_settings]]></wp:meta_key>
			<wp:meta_value><![CDATA[a:1:{s:10:"vc_grid_id";a:0:{}}]]></wp:meta_value>
		</wp:postmeta>
		<wp:postmeta>
			<wp:meta_key><![CDATA[_vc_post_settings]]></wp:meta_key>
			<wp:meta_value><![CDATA[a:1:{s:10:"vc_grid_id";a:0:{}}]]></wp:meta_value>
		</wp:postmeta>
		<wp:postmeta>
			<wp:meta_key><![CDATA[_edit_last]]></wp:meta_key>
			<wp:meta_value><![CDATA[1]]></wp:meta_value>
		</wp:postmeta>
		<wp:postmeta>
			<wp:meta_key><![CDATA[_thumbnail_id]]></wp:meta_key>
			<wp:meta_value><![CDATA[732]]></wp:meta_value>
		</wp:postmeta>
		<wp:postmeta>
			<wp:meta_key><![CDATA[p_name]]></wp:meta_key>
			<wp:meta_value><![CDATA[Amanda Welsh]]></wp:meta_value>
		</wp:postmeta>
		<wp:postmeta>
			<wp:meta_key><![CDATA[p_date]]></wp:meta_key>
			<wp:meta_value><![CDATA[16.08.2016]]></wp:meta_value>
		</wp:postmeta>
		<wp:postmeta>
			<wp:meta_key><![CDATA[p_link]]></wp:meta_key>
			<wp:meta_value><![CDATA[www.somedomain.com]]></wp:meta_value>
		</wp:postmeta>
	</item>
	<item>
		<title>Sketching Fun</title>
		<link>http://thenordik.com/demo/themeforest/wordpress/wander/project/sketching-fun/</link>
		<pubDate>Sun, 29 May 2016 05:26:39 +0000</pubDate>
		<dc:creator><![CDATA[wander]]></dc:creator>
		<guid isPermaLink="false">http://localhost/wander/?post_type=project&#038;p=34</guid>
		<description></description>
		<content:encoded><![CDATA[<p>Lorem ipsum dolor sit amet, consetetur sadipscing elitr, sed diam nonumy eirmod tempor invidunt ut labore et dolore magna aliquyam erat, sed diam voluptua. At vero eos et accusam et justo duo dolores et ea rebum. Stet clita kasd gubergren, no sea takimata sanctus magna aliquyam erat, sed diam voluptua. At vero eos et accusam et justo duo dolores et ea rebum. Stet clita kasd gubergren, no sea takimata sanctus est Lorem ipsum dolor sit amet. Vestibulum ante ipsum primis in faucibus orci luctus et ultrices posuere cubilia Curae; Nam at velit nisl. Aenean vitae est nisl. Cras molestie molestie nisl vel imperdiet. Donec vel mi sem.</p>]]></content:encoded>
		<excerpt:encoded><![CDATA[Praesent consectetur ligula eget elit pretium, eget porttitor sem rhoncus. Duis sodales turpis vel tempus pharetra. Pellentesque molestie consectetur justo at sodales. Nullam sollicitudin eget massa ut euismod. Donec vel turpis est. Cras urna sem, malesuada, viverra eget erat. Nullam sem.]]></excerpt:encoded>
		<wp:post_id>705</wp:post_id>
		<wp:post_date><![CDATA[2016-05-29 05:26:39]]></wp:post_date>
		<wp:post_date_gmt><![CDATA[2016-05-29 05:26:39]]></wp:post_date_gmt>
		<wp:comment_status><![CDATA[open]]></wp:comment_status>
		<wp:ping_status><![CDATA[closed]]></wp:ping_status>
		<wp:post_name><![CDATA[sketching-fun]]></wp:post_name>
		<wp:status><![CDATA[publish]]></wp:status>
		<wp:post_parent>0</wp:post_parent>
		<wp:menu_order>0</wp:menu_order>
		<wp:post_type><![CDATA[project]]></wp:post_type>
		<wp:post_password><![CDATA[]]></wp:post_password>
		<wp:is_sticky>0</wp:is_sticky>
		<category domain="project_category" nicename="grapic"><![CDATA[Grapic]]></category>
		<category domain="project_category" nicename="print"><![CDATA[Print]]></category>
		<wp:postmeta>
			<wp:meta_key><![CDATA[_vc_post_settings]]></wp:meta_key>
			<wp:meta_value><![CDATA[a:1:{s:10:"vc_grid_id";a:0:{}}]]></wp:meta_value>
		</wp:postmeta>
		<wp:postmeta>
			<wp:meta_key><![CDATA[_vc_post_settings]]></wp:meta_key>
			<wp:meta_value><![CDATA[a:1:{s:10:"vc_grid_id";a:0:{}}]]></wp:meta_value>
		</wp:postmeta>
		<wp:postmeta>
			<wp:meta_key><![CDATA[_edit_last]]></wp:meta_key>
			<wp:meta_value><![CDATA[1]]></wp:meta_value>
		</wp:postmeta>
		<wp:postmeta>
			<wp:meta_key><![CDATA[_thumbnail_id]]></wp:meta_key>
			<wp:meta_value><![CDATA[731]]></wp:meta_value>
		</wp:postmeta>
		<wp:postmeta>
			<wp:meta_key><![CDATA[p_name]]></wp:meta_key>
			<wp:meta_value><![CDATA[Amanda Welsh]]></wp:meta_value>
		</wp:postmeta>
		<wp:postmeta>
			<wp:meta_key><![CDATA[p_date]]></wp:meta_key>
			<wp:meta_value><![CDATA[16.08.2016]]></wp:meta_value>
		</wp:postmeta>
		<wp:postmeta>
			<wp:meta_key><![CDATA[p_link]]></wp:meta_key>
			<wp:meta_value><![CDATA[www.somedomain.com]]></wp:meta_value>
		</wp:postmeta>
	</item>
	<item>
		<title>PlayIt Disk Cover</title>
		<link>http://thenordik.com/demo/themeforest/wordpress/wander/project/playit-disk-cover/</link>
		<pubDate>Sun, 29 May 2016 05:27:41 +0000</pubDate>
		<dc:creator><![CDATA[wander]]></dc:creator>
		<guid isPermaLink="false">http://localhost/wander/?post_type=project&#038;p=35</guid>
		<description></description>
		<content:encoded><![CDATA[<p>Lorem ipsum dolor sit amet, consetetur sadipscing elitr, sed diam nonumy eirmod tempor invidunt ut labore et dolore magna aliquyam erat, sed diam voluptua. At vero eos et accusam et justo duo dolores et ea rebum. Stet clita kasd gubergren, no sea takimata sanctus magna aliquyam erat, sed diam voluptua. At vero eos et accusam et justo duo dolores et ea rebum. Stet clita kasd gubergren, no sea takimata sanctus est Lorem ipsum dolor sit amet. Vestibulum ante ipsum primis in faucibus orci luctus et ultrices posuere cubilia Curae; Nam at velit nisl. Aenean vitae est nisl. Cras molestie molestie nisl vel imperdiet. Donec vel mi sem.</p>]]></content:encoded>
		<excerpt:encoded><![CDATA[Praesent consectetur ligula eget elit pretium, eget porttitor sem rhoncus. Duis sodales turpis vel tempus pharetra. Pellentesque molestie consectetur justo at sodales. Nullam sollicitudin eget massa ut euismod. Donec vel turpis est. Cras urna sem, malesuada, viverra eget erat. Nullam sem.]]></excerpt:encoded>
		<wp:post_id>706</wp:post_id>
		<wp:post_date><![CDATA[2016-05-29 05:27:41]]></wp:post_date>
		<wp:post_date_gmt><![CDATA[2016-05-29 05:27:41]]></wp:post_date_gmt>
		<wp:comment_status><![CDATA[open]]></wp:comment_status>
		<wp:ping_status><![CDATA[closed]]></wp:ping_status>
		<wp:post_name><![CDATA[playit-disk-cover]]></wp:post_name>
		<wp:status><![CDATA[publish]]></wp:status>
		<wp:post_parent>0</wp:post_parent>
		<wp:menu_order>0</wp:menu_order>
		<wp:post_type><![CDATA[project]]></wp:post_type>
		<wp:post_password><![CDATA[]]></wp:post_password>
		<wp:is_sticky>0</wp:is_sticky>
		<category domain="project_category" nicename="branding"><![CDATA[Branding]]></category>
		<category domain="project_category" nicename="print"><![CDATA[Print]]></category>
		<wp:postmeta>
			<wp:meta_key><![CDATA[_vc_post_settings]]></wp:meta_key>
			<wp:meta_value><![CDATA[a:1:{s:10:"vc_grid_id";a:0:{}}]]></wp:meta_value>
		</wp:postmeta>
		<wp:postmeta>
			<wp:meta_key><![CDATA[_vc_post_settings]]></wp:meta_key>
			<wp:meta_value><![CDATA[a:1:{s:10:"vc_grid_id";a:0:{}}]]></wp:meta_value>
		</wp:postmeta>
		<wp:postmeta>
			<wp:meta_key><![CDATA[_edit_last]]></wp:meta_key>
			<wp:meta_value><![CDATA[1]]></wp:meta_value>
		</wp:postmeta>
		<wp:postmeta>
			<wp:meta_key><![CDATA[_thumbnail_id]]></wp:meta_key>
			<wp:meta_value><![CDATA[730]]></wp:meta_value>
		</wp:postmeta>
		<wp:postmeta>
			<wp:meta_key><![CDATA[p_name]]></wp:meta_key>
			<wp:meta_value><![CDATA[Amanda Welsh]]></wp:meta_value>
		</wp:postmeta>
		<wp:postmeta>
			<wp:meta_key><![CDATA[p_date]]></wp:meta_key>
			<wp:meta_value><![CDATA[16.08.2016]]></wp:meta_value>
		</wp:postmeta>
		<wp:postmeta>
			<wp:meta_key><![CDATA[p_link]]></wp:meta_key>
			<wp:meta_value><![CDATA[www.somedomain.com]]></wp:meta_value>
		</wp:postmeta>
	</item>
	<item>
		<title>Experience Pad UI</title>
		<link>http://thenordik.com/demo/themeforest/wordpress/wander/project/experience-pad-ui/</link>
		<pubDate>Sun, 29 May 2016 05:38:48 +0000</pubDate>
		<dc:creator><![CDATA[wander]]></dc:creator>
		<guid isPermaLink="false">http://localhost/wander/?post_type=project&#038;p=36</guid>
		<description></description>
		<content:encoded><![CDATA[Lorem ipsum dolor sit amet, consetetur sadipscing elitr, sed diam nonumy eirmod tempor invidunt ut labore et dolore magna aliquyam erat, sed diam voluptua. At vero eos et accusam et justo duo dolores et ea rebum. Stet clita kasd gubergren, no sea takimata sanctus magna aliquyam erat, sed diam voluptua. At vero eos et accusam et justo duo dolores et ea rebum. Stet clita kasd gubergren, no sea takimata sanctus est Lorem ipsum dolor sit amet. Vestibulum ante ipsum primis in faucibus orci luctus et ultrices posuere cubilia Curae; Nam at velit nisl. Aenean vitae est nisl. Cras molestie molestie nisl vel imperdiet. Donec vel mi sem.]]></content:encoded>
		<excerpt:encoded><![CDATA[Praesent consectetur ligula eget elit pretium, eget porttitor sem rhoncus. Duis sodales turpis vel tempus pharetra. Pellentesque molestie consectetur justo at sodales. Nullam sollicitudin eget massa ut euismod. Donec vel turpis est. Cras urna sem, malesuada, viverra eget erat. Nullam sem.]]></excerpt:encoded>
		<wp:post_id>707</wp:post_id>
		<wp:post_date><![CDATA[2016-05-29 05:38:48]]></wp:post_date>
		<wp:post_date_gmt><![CDATA[2016-05-29 05:38:48]]></wp:post_date_gmt>
		<wp:comment_status><![CDATA[open]]></wp:comment_status>
		<wp:ping_status><![CDATA[closed]]></wp:ping_status>
		<wp:post_name><![CDATA[experience-pad-ui]]></wp:post_name>
		<wp:status><![CDATA[publish]]></wp:status>
		<wp:post_parent>0</wp:post_parent>
		<wp:menu_order>0</wp:menu_order>
		<wp:post_type><![CDATA[project]]></wp:post_type>
		<wp:post_password><![CDATA[]]></wp:post_password>
		<wp:is_sticky>0</wp:is_sticky>
		<category domain="project_category" nicename="grapic"><![CDATA[Grapic]]></category>
		<category domain="project_category" nicename="web-design"><![CDATA[Web Design]]></category>
		<wp:postmeta>
			<wp:meta_key><![CDATA[_vc_post_settings]]></wp:meta_key>
			<wp:meta_value><![CDATA[a:1:{s:10:"vc_grid_id";a:0:{}}]]></wp:meta_value>
		</wp:postmeta>
		<wp:postmeta>
			<wp:meta_key><![CDATA[_vc_post_settings]]></wp:meta_key>
			<wp:meta_value><![CDATA[a:1:{s:10:"vc_grid_id";a:0:{}}]]></wp:meta_value>
		</wp:postmeta>
		<wp:postmeta>
			<wp:meta_key><![CDATA[_edit_last]]></wp:meta_key>
			<wp:meta_value><![CDATA[1]]></wp:meta_value>
		</wp:postmeta>
		<wp:postmeta>
			<wp:meta_key><![CDATA[_thumbnail_id]]></wp:meta_key>
			<wp:meta_value><![CDATA[727]]></wp:meta_value>
		</wp:postmeta>
		<wp:postmeta>
			<wp:meta_key><![CDATA[p_name]]></wp:meta_key>
			<wp:meta_value><![CDATA[Amanda Welsh]]></wp:meta_value>
		</wp:postmeta>
		<wp:postmeta>
			<wp:meta_key><![CDATA[p_date]]></wp:meta_key>
			<wp:meta_value><![CDATA[16.08.2016]]></wp:meta_value>
		</wp:postmeta>
		<wp:postmeta>
			<wp:meta_key><![CDATA[p_link]]></wp:meta_key>
			<wp:meta_value><![CDATA[www.somedomain.com]]></wp:meta_value>
		</wp:postmeta>
	</item>
	<item>
		<title>Rewind Watch Apps</title>
		<link>http://thenordik.com/demo/themeforest/wordpress/wander/project/rewind-watch-apps/</link>
		<pubDate>Sun, 29 May 2016 05:39:53 +0000</pubDate>
		<dc:creator><![CDATA[wander]]></dc:creator>
		<guid isPermaLink="false">http://localhost/wander/?post_type=project&#038;p=37</guid>
		<description></description>
		<content:encoded><![CDATA[<p>Lorem ipsum dolor sit amet, consetetur sadipscing elitr, sed diam nonumy eirmod tempor invidunt ut labore et dolore magna aliquyam erat, sed diam voluptua. At vero eos et accusam et justo duo dolores et ea rebum. Stet clita kasd gubergren, no sea takimata sanctus magna aliquyam erat, sed diam voluptua. At vero eos et accusam et justo duo dolores et ea rebum. Stet clita kasd gubergren, no sea takimata sanctus est Lorem ipsum dolor sit amet. Vestibulum ante ipsum primis in faucibus orci luctus et ultrices posuere cubilia Curae; Nam at velit nisl. Aenean vitae est nisl. Cras molestie molestie nisl vel imperdiet. Donec vel mi sem.</p>]]></content:encoded>
		<excerpt:encoded><![CDATA[Praesent consectetur ligula eget elit pretium, eget porttitor sem rhoncus. Duis sodales turpis vel tempus pharetra. Pellentesque molestie consectetur justo at sodales. Nullam sollicitudin eget massa ut euismod. Donec vel turpis est. Cras urna sem, malesuada, viverra eget erat. Nullam sem.]]></excerpt:encoded>
		<wp:post_id>708</wp:post_id>
		<wp:post_date><![CDATA[2016-05-29 05:39:53]]></wp:post_date>
		<wp:post_date_gmt><![CDATA[2016-05-29 05:39:53]]></wp:post_date_gmt>
		<wp:comment_status><![CDATA[open]]></wp:comment_status>
		<wp:ping_status><![CDATA[closed]]></wp:ping_status>
		<wp:post_name><![CDATA[rewind-watch-apps]]></wp:post_name>
		<wp:status><![CDATA[publish]]></wp:status>
		<wp:post_parent>0</wp:post_parent>
		<wp:menu_order>0</wp:menu_order>
		<wp:post_type><![CDATA[project]]></wp:post_type>
		<wp:post_password><![CDATA[]]></wp:post_password>
		<wp:is_sticky>0</wp:is_sticky>
		<category domain="project_category" nicename="branding"><![CDATA[Branding]]></category>
		<category domain="project_category" nicename="grapic"><![CDATA[Grapic]]></category>
		<wp:postmeta>
			<wp:meta_key><![CDATA[_vc_post_settings]]></wp:meta_key>
			<wp:meta_value><![CDATA[a:1:{s:10:"vc_grid_id";a:0:{}}]]></wp:meta_value>
		</wp:postmeta>
		<wp:postmeta>
			<wp:meta_key><![CDATA[_vc_post_settings]]></wp:meta_key>
			<wp:meta_value><![CDATA[a:1:{s:10:"vc_grid_id";a:0:{}}]]></wp:meta_value>
		</wp:postmeta>
		<wp:postmeta>
			<wp:meta_key><![CDATA[_edit_last]]></wp:meta_key>
			<wp:meta_value><![CDATA[1]]></wp:meta_value>
		</wp:postmeta>
		<wp:postmeta>
			<wp:meta_key><![CDATA[_thumbnail_id]]></wp:meta_key>
			<wp:meta_value><![CDATA[728]]></wp:meta_value>
		</wp:postmeta>
		<wp:postmeta>
			<wp:meta_key><![CDATA[p_name]]></wp:meta_key>
			<wp:meta_value><![CDATA[Amanda Welsh]]></wp:meta_value>
		</wp:postmeta>
		<wp:postmeta>
			<wp:meta_key><![CDATA[p_date]]></wp:meta_key>
			<wp:meta_value><![CDATA[16.08.2016]]></wp:meta_value>
		</wp:postmeta>
		<wp:postmeta>
			<wp:meta_key><![CDATA[p_link]]></wp:meta_key>
			<wp:meta_value><![CDATA[www.somedomain.com]]></wp:meta_value>
		</wp:postmeta>
		<wp:postmeta>
			<wp:meta_key><![CDATA[p_img]]></wp:meta_key>
			<wp:meta_value><![CDATA[940]]></wp:meta_value>
		</wp:postmeta>
		<wp:postmeta>
			<wp:meta_key><![CDATA[p_img]]></wp:meta_key>
			<wp:meta_value><![CDATA[941]]></wp:meta_value>
		</wp:postmeta>
		<wp:postmeta>
			<wp:meta_key><![CDATA[p_img]]></wp:meta_key>
			<wp:meta_value><![CDATA[942]]></wp:meta_value>
		</wp:postmeta>
		<wp:postmeta>
			<wp:meta_key><![CDATA[p_img]]></wp:meta_key>
			<wp:meta_value><![CDATA[943]]></wp:meta_value>
		</wp:postmeta>
	</item>
	<item>
		<title>Gallery Audio 1</title>
		<link>http://thenordik.com/demo/themeforest/wordpress/wander/project/gallery-audio-1/</link>
		<pubDate>Tue, 28 Jun 2016 08:09:00 +0000</pubDate>
		<dc:creator><![CDATA[wander]]></dc:creator>
		<guid isPermaLink="false">http://localhost/wander/?post_type=project&#038;p=901</guid>
		<description></description>
		<content:encoded><![CDATA[Lorem ipsum dolor sit amet, consetetur sadipscing elitr, sed diam nonumy eirmod tempor invidunt ut labore et dolore magna aliquyam erat, sed diam voluptua. At vero eos et accusam et justo duo dolores et ea rebum. Stet clita kasd gubergren, no sea takimata sanctus magna aliquyam erat, sed diam voluptua. At vero eos et accusam et justo duo dolores et ea rebum. Stet clita kasd gubergren, no sea takimata sanctus est Lorem ipsum dolor sit amet. Vestibulum ante ipsum primis in faucibus orci luctus et ultrices posuere cubilia Curae; Nam at velit nisl. Aenean vitae est nisl. Cras molestie molestie nisl vel imperdiet. Donec vel mi sem.]]></content:encoded>
		<excerpt:encoded><![CDATA[]]></excerpt:encoded>
		<wp:post_id>901</wp:post_id>
		<wp:post_date><![CDATA[2016-06-28 08:09:00]]></wp:post_date>
		<wp:post_date_gmt><![CDATA[2016-06-28 08:09:00]]></wp:post_date_gmt>
		<wp:comment_status><![CDATA[open]]></wp:comment_status>
		<wp:ping_status><![CDATA[closed]]></wp:ping_status>
		<wp:post_name><![CDATA[gallery-audio-1]]></wp:post_name>
		<wp:status><![CDATA[publish]]></wp:status>
		<wp:post_parent>0</wp:post_parent>
		<wp:menu_order>0</wp:menu_order>
		<wp:post_type><![CDATA[project]]></wp:post_type>
		<wp:post_password><![CDATA[]]></wp:post_password>
		<wp:is_sticky>0</wp:is_sticky>
		<wp:postmeta>
			<wp:meta_key><![CDATA[_vc_post_settings]]></wp:meta_key>
			<wp:meta_value><![CDATA[a:1:{s:10:"vc_grid_id";a:0:{}}]]></wp:meta_value>
		</wp:postmeta>
		<wp:postmeta>
			<wp:meta_key><![CDATA[_edit_last]]></wp:meta_key>
			<wp:meta_value><![CDATA[1]]></wp:meta_value>
		</wp:postmeta>
		<wp:postmeta>
			<wp:meta_key><![CDATA[p_vid]]></wp:meta_key>
			<wp:meta_value><![CDATA[https://w.soundcloud.com/player/?url=https%3A//api.soundcloud.com/tracks/246576034&auto_play=false&hide_related=false&show_comments=true&show_user=true&show_reposts=false&visual=true]]></wp:meta_value>
		</wp:postmeta>
		<wp:postmeta>
			<wp:meta_key><![CDATA[_oembed_0757b0831e5c312bbf0a06497895f5d7]]></wp:meta_key>
			<wp:meta_value><![CDATA[{{unknown}}]]></wp:meta_value>
		</wp:postmeta>
		<wp:postmeta>
			<wp:meta_key><![CDATA[p_name]]></wp:meta_key>
			<wp:meta_value><![CDATA[Amanda Welsh]]></wp:meta_value>
		</wp:postmeta>
		<wp:postmeta>
			<wp:meta_key><![CDATA[p_date]]></wp:meta_key>
			<wp:meta_value><![CDATA[16.08.2016]]></wp:meta_value>
		</wp:postmeta>
		<wp:postmeta>
			<wp:meta_key><![CDATA[p_link]]></wp:meta_key>
			<wp:meta_value><![CDATA[www.somedomain.com]]></wp:meta_value>
		</wp:postmeta>
	</item>
	<item>
		<title>Gallery Audio 2</title>
		<link>http://thenordik.com/demo/themeforest/wordpress/wander/project/gallery-audio-2/</link>
		<pubDate>Tue, 28 Jun 2016 08:09:09 +0000</pubDate>
		<dc:creator><![CDATA[wander]]></dc:creator>
		<guid isPermaLink="false">http://localhost/wander/?post_type=project&#038;p=902</guid>
		<description></description>
		<content:encoded><![CDATA[Lorem ipsum dolor sit amet, consetetur sadipscing elitr, sed diam nonumy eirmod tempor invidunt ut labore et dolore magna aliquyam erat, sed diam voluptua. At vero eos et accusam et justo duo dolores et ea rebum. Stet clita kasd gubergren, no sea takimata sanctus magna aliquyam erat, sed diam voluptua. At vero eos et accusam et justo duo dolores et ea rebum. Stet clita kasd gubergren, no sea takimata sanctus est Lorem ipsum dolor sit amet. Vestibulum ante ipsum primis in faucibus orci luctus et ultrices posuere cubilia Curae; Nam at velit nisl. Aenean vitae est nisl. Cras molestie molestie nisl vel imperdiet. Donec vel mi sem.]]></content:encoded>
		<excerpt:encoded><![CDATA[]]></excerpt:encoded>
		<wp:post_id>902</wp:post_id>
		<wp:post_date><![CDATA[2016-06-28 08:09:09]]></wp:post_date>
		<wp:post_date_gmt><![CDATA[2016-06-28 08:09:09]]></wp:post_date_gmt>
		<wp:comment_status><![CDATA[open]]></wp:comment_status>
		<wp:ping_status><![CDATA[closed]]></wp:ping_status>
		<wp:post_name><![CDATA[gallery-audio-2]]></wp:post_name>
		<wp:status><![CDATA[publish]]></wp:status>
		<wp:post_parent>0</wp:post_parent>
		<wp:menu_order>0</wp:menu_order>
		<wp:post_type><![CDATA[project]]></wp:post_type>
		<wp:post_password><![CDATA[]]></wp:post_password>
		<wp:is_sticky>0</wp:is_sticky>
		<wp:postmeta>
			<wp:meta_key><![CDATA[_vc_post_settings]]></wp:meta_key>
			<wp:meta_value><![CDATA[a:1:{s:10:"vc_grid_id";a:0:{}}]]></wp:meta_value>
		</wp:postmeta>
		<wp:postmeta>
			<wp:meta_key><![CDATA[_edit_last]]></wp:meta_key>
			<wp:meta_value><![CDATA[1]]></wp:meta_value>
		</wp:postmeta>
		<wp:postmeta>
			<wp:meta_key><![CDATA[p_vid]]></wp:meta_key>
			<wp:meta_value><![CDATA[https://w.soundcloud.com/player/?url=https%3A//api.soundcloud.com/tracks/248862888&auto_play=false&hide_related=false&show_comments=true&show_user=true&show_reposts=false&visual=true]]></wp:meta_value>
		</wp:postmeta>
		<wp:postmeta>
			<wp:meta_key><![CDATA[_oembed_cd35d40a4d1059a2c200701ebae3b247]]></wp:meta_key>
			<wp:meta_value><![CDATA[{{unknown}}]]></wp:meta_value>
		</wp:postmeta>
		<wp:postmeta>
			<wp:meta_key><![CDATA[p_name]]></wp:meta_key>
			<wp:meta_value><![CDATA[Amanda Welsh]]></wp:meta_value>
		</wp:postmeta>
		<wp:postmeta>
			<wp:meta_key><![CDATA[p_date]]></wp:meta_key>
			<wp:meta_value><![CDATA[16.08.2016]]></wp:meta_value>
		</wp:postmeta>
		<wp:postmeta>
			<wp:meta_key><![CDATA[p_link]]></wp:meta_key>
			<wp:meta_value><![CDATA[www.somedomain.com]]></wp:meta_value>
		</wp:postmeta>
	</item>
	<item>
		<title>Gallery Audio 3</title>
		<link>http://thenordik.com/demo/themeforest/wordpress/wander/project/gallery-audio-3/</link>
		<pubDate>Tue, 28 Jun 2016 08:09:55 +0000</pubDate>
		<dc:creator><![CDATA[wander]]></dc:creator>
		<guid isPermaLink="false">http://localhost/wander/?post_type=project&#038;p=903</guid>
		<description></description>
		<content:encoded><![CDATA[Lorem ipsum dolor sit amet, consetetur sadipscing elitr, sed diam nonumy eirmod tempor invidunt ut labore et dolore magna aliquyam erat, sed diam voluptua. At vero eos et accusam et justo duo dolores et ea rebum. Stet clita kasd gubergren, no sea takimata sanctus magna aliquyam erat, sed diam voluptua. At vero eos et accusam et justo duo dolores et ea rebum. Stet clita kasd gubergren, no sea takimata sanctus est Lorem ipsum dolor sit amet. Vestibulum ante ipsum primis in faucibus orci luctus et ultrices posuere cubilia Curae; Nam at velit nisl. Aenean vitae est nisl. Cras molestie molestie nisl vel imperdiet. Donec vel mi sem.]]></content:encoded>
		<excerpt:encoded><![CDATA[]]></excerpt:encoded>
		<wp:post_id>903</wp:post_id>
		<wp:post_date><![CDATA[2016-06-28 08:09:55]]></wp:post_date>
		<wp:post_date_gmt><![CDATA[2016-06-28 08:09:55]]></wp:post_date_gmt>
		<wp:comment_status><![CDATA[open]]></wp:comment_status>
		<wp:ping_status><![CDATA[closed]]></wp:ping_status>
		<wp:post_name><![CDATA[gallery-audio-3]]></wp:post_name>
		<wp:status><![CDATA[publish]]></wp:status>
		<wp:post_parent>0</wp:post_parent>
		<wp:menu_order>0</wp:menu_order>
		<wp:post_type><![CDATA[project]]></wp:post_type>
		<wp:post_password><![CDATA[]]></wp:post_password>
		<wp:is_sticky>0</wp:is_sticky>
		<category domain="project_category" nicename="grapic"><![CDATA[Grapic]]></category>
		<wp:postmeta>
			<wp:meta_key><![CDATA[_vc_post_settings]]></wp:meta_key>
			<wp:meta_value><![CDATA[a:1:{s:10:"vc_grid_id";a:0:{}}]]></wp:meta_value>
		</wp:postmeta>
		<wp:postmeta>
			<wp:meta_key><![CDATA[_edit_last]]></wp:meta_key>
			<wp:meta_value><![CDATA[1]]></wp:meta_value>
		</wp:postmeta>
		<wp:postmeta>
			<wp:meta_key><![CDATA[p_vid]]></wp:meta_key>
			<wp:meta_value><![CDATA[https://w.soundcloud.com/player/?url=https%3A//api.soundcloud.com/tracks/242403462&auto_play=false&hide_related=false&show_comments=true&show_user=true&show_reposts=false&visual=true]]></wp:meta_value>
		</wp:postmeta>
		<wp:postmeta>
			<wp:meta_key><![CDATA[_oembed_3c3ca9d52881b46a5d9a754a56fc2322]]></wp:meta_key>
			<wp:meta_value><![CDATA[{{unknown}}]]></wp:meta_value>
		</wp:postmeta>
		<wp:postmeta>
			<wp:meta_key><![CDATA[p_name]]></wp:meta_key>
			<wp:meta_value><![CDATA[Amanda Welsh]]></wp:meta_value>
		</wp:postmeta>
		<wp:postmeta>
			<wp:meta_key><![CDATA[p_date]]></wp:meta_key>
			<wp:meta_value><![CDATA[16.08.2016]]></wp:meta_value>
		</wp:postmeta>
		<wp:postmeta>
			<wp:meta_key><![CDATA[p_link]]></wp:meta_key>
			<wp:meta_value><![CDATA[www.somedomain.com]]></wp:meta_value>
		</wp:postmeta>
	</item>
	<item>
		<title>Gallery Audio 4</title>
		<link>http://thenordik.com/demo/themeforest/wordpress/wander/project/gallery-audio-4/</link>
		<pubDate>Tue, 28 Jun 2016 08:09:58 +0000</pubDate>
		<dc:creator><![CDATA[wander]]></dc:creator>
		<guid isPermaLink="false">http://localhost/wander/?post_type=project&#038;p=904</guid>
		<description></description>
		<content:encoded><![CDATA[Lorem ipsum dolor sit amet, consetetur sadipscing elitr, sed diam nonumy eirmod tempor invidunt ut labore et dolore magna aliquyam erat, sed diam voluptua. At vero eos et accusam et justo duo dolores et ea rebum. Stet clita kasd gubergren, no sea takimata sanctus magna aliquyam erat, sed diam voluptua. At vero eos et accusam et justo duo dolores et ea rebum. Stet clita kasd gubergren, no sea takimata sanctus est Lorem ipsum dolor sit amet. Vestibulum ante ipsum primis in faucibus orci luctus et ultrices posuere cubilia Curae; Nam at velit nisl. Aenean vitae est nisl. Cras molestie molestie nisl vel imperdiet. Donec vel mi sem.]]></content:encoded>
		<excerpt:encoded><![CDATA[]]></excerpt:encoded>
		<wp:post_id>904</wp:post_id>
		<wp:post_date><![CDATA[2016-06-28 08:09:58]]></wp:post_date>
		<wp:post_date_gmt><![CDATA[2016-06-28 08:09:58]]></wp:post_date_gmt>
		<wp:comment_status><![CDATA[open]]></wp:comment_status>
		<wp:ping_status><![CDATA[closed]]></wp:ping_status>
		<wp:post_name><![CDATA[gallery-audio-4]]></wp:post_name>
		<wp:status><![CDATA[publish]]></wp:status>
		<wp:post_parent>0</wp:post_parent>
		<wp:menu_order>0</wp:menu_order>
		<wp:post_type><![CDATA[project]]></wp:post_type>
		<wp:post_password><![CDATA[]]></wp:post_password>
		<wp:is_sticky>0</wp:is_sticky>
		<wp:postmeta>
			<wp:meta_key><![CDATA[_vc_post_settings]]></wp:meta_key>
			<wp:meta_value><![CDATA[a:1:{s:10:"vc_grid_id";a:0:{}}]]></wp:meta_value>
		</wp:postmeta>
		<wp:postmeta>
			<wp:meta_key><![CDATA[_edit_last]]></wp:meta_key>
			<wp:meta_value><![CDATA[1]]></wp:meta_value>
		</wp:postmeta>
		<wp:postmeta>
			<wp:meta_key><![CDATA[p_vid]]></wp:meta_key>
			<wp:meta_value><![CDATA[https://w.soundcloud.com/player/?url=https%3A//api.soundcloud.com/tracks/247002482&auto_play=false&hide_related=false&show_comments=true&show_user=true&show_reposts=false&visual=true]]></wp:meta_value>
		</wp:postmeta>
		<wp:postmeta>
			<wp:meta_key><![CDATA[_oembed_d3d3633ec3ecc0880f19725fa28ceb6f]]></wp:meta_key>
			<wp:meta_value><![CDATA[{{unknown}}]]></wp:meta_value>
		</wp:postmeta>
		<wp:postmeta>
			<wp:meta_key><![CDATA[p_name]]></wp:meta_key>
			<wp:meta_value><![CDATA[Amanda Welsh]]></wp:meta_value>
		</wp:postmeta>
		<wp:postmeta>
			<wp:meta_key><![CDATA[p_date]]></wp:meta_key>
			<wp:meta_value><![CDATA[16.08.2016]]></wp:meta_value>
		</wp:postmeta>
		<wp:postmeta>
			<wp:meta_key><![CDATA[p_link]]></wp:meta_key>
			<wp:meta_value><![CDATA[www.somedomain.com]]></wp:meta_value>
		</wp:postmeta>
	</item>
	<item>
		<title>Gallery Audio 5</title>
		<link>http://thenordik.com/demo/themeforest/wordpress/wander/project/gallery-audio-5/</link>
		<pubDate>Tue, 28 Jun 2016 08:09:59 +0000</pubDate>
		<dc:creator><![CDATA[wander]]></dc:creator>
		<guid isPermaLink="false">http://localhost/wander/?post_type=project&#038;p=905</guid>
		<description></description>
		<content:encoded><![CDATA[Lorem ipsum dolor sit amet, consetetur sadipscing elitr, sed diam nonumy eirmod tempor invidunt ut labore et dolore magna aliquyam erat, sed diam voluptua. At vero eos et accusam et justo duo dolores et ea rebum. Stet clita kasd gubergren, no sea takimata sanctus magna aliquyam erat, sed diam voluptua. At vero eos et accusam et justo duo dolores et ea rebum. Stet clita kasd gubergren, no sea takimata sanctus est Lorem ipsum dolor sit amet. Vestibulum ante ipsum primis in faucibus orci luctus et ultrices posuere cubilia Curae; Nam at velit nisl. Aenean vitae est nisl. Cras molestie molestie nisl vel imperdiet. Donec vel mi sem.]]></content:encoded>
		<excerpt:encoded><![CDATA[]]></excerpt:encoded>
		<wp:post_id>905</wp:post_id>
		<wp:post_date><![CDATA[2016-06-28 08:09:59]]></wp:post_date>
		<wp:post_date_gmt><![CDATA[2016-06-28 08:09:59]]></wp:post_date_gmt>
		<wp:comment_status><![CDATA[open]]></wp:comment_status>
		<wp:ping_status><![CDATA[closed]]></wp:ping_status>
		<wp:post_name><![CDATA[gallery-audio-5]]></wp:post_name>
		<wp:status><![CDATA[publish]]></wp:status>
		<wp:post_parent>0</wp:post_parent>
		<wp:menu_order>0</wp:menu_order>
		<wp:post_type><![CDATA[project]]></wp:post_type>
		<wp:post_password><![CDATA[]]></wp:post_password>
		<wp:is_sticky>0</wp:is_sticky>
		<wp:postmeta>
			<wp:meta_key><![CDATA[_vc_post_settings]]></wp:meta_key>
			<wp:meta_value><![CDATA[a:1:{s:10:"vc_grid_id";a:0:{}}]]></wp:meta_value>
		</wp:postmeta>
		<wp:postmeta>
			<wp:meta_key><![CDATA[_edit_last]]></wp:meta_key>
			<wp:meta_value><![CDATA[1]]></wp:meta_value>
		</wp:postmeta>
		<wp:postmeta>
			<wp:meta_key><![CDATA[p_vid]]></wp:meta_key>
			<wp:meta_value><![CDATA[https://w.soundcloud.com/player/?url=https%3A//api.soundcloud.com/tracks/240604501&auto_play=false&hide_related=false&show_comments=true&show_user=true&show_reposts=false&visual=true]]></wp:meta_value>
		</wp:postmeta>
		<wp:postmeta>
			<wp:meta_key><![CDATA[_oembed_ea74b6ea75083090467262d1e75da410]]></wp:meta_key>
			<wp:meta_value><![CDATA[{{unknown}}]]></wp:meta_value>
		</wp:postmeta>
		<wp:postmeta>
			<wp:meta_key><![CDATA[p_name]]></wp:meta_key>
			<wp:meta_value><![CDATA[Amanda Welsh]]></wp:meta_value>
		</wp:postmeta>
		<wp:postmeta>
			<wp:meta_key><![CDATA[p_date]]></wp:meta_key>
			<wp:meta_value><![CDATA[16.08.2016]]></wp:meta_value>
		</wp:postmeta>
		<wp:postmeta>
			<wp:meta_key><![CDATA[p_link]]></wp:meta_key>
			<wp:meta_value><![CDATA[www.somedomain.com]]></wp:meta_value>
		</wp:postmeta>
	</item>
	<item>
		<title>Gallery Audio 6</title>
		<link>http://thenordik.com/demo/themeforest/wordpress/wander/project/gallery-audio-6/</link>
		<pubDate>Tue, 28 Jun 2016 08:10:03 +0000</pubDate>
		<dc:creator><![CDATA[wander]]></dc:creator>
		<guid isPermaLink="false">http://localhost/wander/?post_type=project&#038;p=906</guid>
		<description></description>
		<content:encoded><![CDATA[Lorem ipsum dolor sit amet, consetetur sadipscing elitr, sed diam nonumy eirmod tempor invidunt ut labore et dolore magna aliquyam erat, sed diam voluptua. At vero eos et accusam et justo duo dolores et ea rebum. Stet clita kasd gubergren, no sea takimata sanctus magna aliquyam erat, sed diam voluptua. At vero eos et accusam et justo duo dolores et ea rebum. Stet clita kasd gubergren, no sea takimata sanctus est Lorem ipsum dolor sit amet. Vestibulum ante ipsum primis in faucibus orci luctus et ultrices posuere cubilia Curae; Nam at velit nisl. Aenean vitae est nisl. Cras molestie molestie nisl vel imperdiet. Donec vel mi sem.]]></content:encoded>
		<excerpt:encoded><![CDATA[]]></excerpt:encoded>
		<wp:post_id>906</wp:post_id>
		<wp:post_date><![CDATA[2016-06-28 08:10:03]]></wp:post_date>
		<wp:post_date_gmt><![CDATA[2016-06-28 08:10:03]]></wp:post_date_gmt>
		<wp:comment_status><![CDATA[open]]></wp:comment_status>
		<wp:ping_status><![CDATA[closed]]></wp:ping_status>
		<wp:post_name><![CDATA[gallery-audio-6]]></wp:post_name>
		<wp:status><![CDATA[publish]]></wp:status>
		<wp:post_parent>0</wp:post_parent>
		<wp:menu_order>0</wp:menu_order>
		<wp:post_type><![CDATA[project]]></wp:post_type>
		<wp:post_password><![CDATA[]]></wp:post_password>
		<wp:is_sticky>0</wp:is_sticky>
		<category domain="project_category" nicename="print"><![CDATA[Print]]></category>
		<wp:postmeta>
			<wp:meta_key><![CDATA[_vc_post_settings]]></wp:meta_key>
			<wp:meta_value><![CDATA[a:1:{s:10:"vc_grid_id";a:0:{}}]]></wp:meta_value>
		</wp:postmeta>
		<wp:postmeta>
			<wp:meta_key><![CDATA[_edit_last]]></wp:meta_key>
			<wp:meta_value><![CDATA[1]]></wp:meta_value>
		</wp:postmeta>
		<wp:postmeta>
			<wp:meta_key><![CDATA[p_vid]]></wp:meta_key>
			<wp:meta_value><![CDATA[https://w.soundcloud.com/player/?url=https%3A//api.soundcloud.com/tracks/231782838&auto_play=false&hide_related=false&show_comments=true&show_user=true&show_reposts=false&visual=true]]></wp:meta_value>
		</wp:postmeta>
		<wp:postmeta>
			<wp:meta_key><![CDATA[_oembed_b666731d1a82f72e84a74217cf4b1a85]]></wp:meta_key>
			<wp:meta_value><![CDATA[{{unknown}}]]></wp:meta_value>
		</wp:postmeta>
		<wp:postmeta>
			<wp:meta_key><![CDATA[p_name]]></wp:meta_key>
			<wp:meta_value><![CDATA[Amanda Welsh]]></wp:meta_value>
		</wp:postmeta>
		<wp:postmeta>
			<wp:meta_key><![CDATA[p_date]]></wp:meta_key>
			<wp:meta_value><![CDATA[16.08.2016]]></wp:meta_value>
		</wp:postmeta>
		<wp:postmeta>
			<wp:meta_key><![CDATA[p_link]]></wp:meta_key>
			<wp:meta_value><![CDATA[www.somedomain.com]]></wp:meta_value>
		</wp:postmeta>
	</item>
	<item>
		<title>Gallery Audio 7</title>
		<link>http://thenordik.com/demo/themeforest/wordpress/wander/project/gallery-audio-7/</link>
		<pubDate>Tue, 28 Jun 2016 08:10:07 +0000</pubDate>
		<dc:creator><![CDATA[wander]]></dc:creator>
		<guid isPermaLink="false">http://localhost/wander/?post_type=project&#038;p=907</guid>
		<description></description>
		<content:encoded><![CDATA[Lorem ipsum dolor sit amet, consetetur sadipscing elitr, sed diam nonumy eirmod tempor invidunt ut labore et dolore magna aliquyam erat, sed diam voluptua. At vero eos et accusam et justo duo dolores et ea rebum. Stet clita kasd gubergren, no sea takimata sanctus magna aliquyam erat, sed diam voluptua. At vero eos et accusam et justo duo dolores et ea rebum. Stet clita kasd gubergren, no sea takimata sanctus est Lorem ipsum dolor sit amet. Vestibulum ante ipsum primis in faucibus orci luctus et ultrices posuere cubilia Curae; Nam at velit nisl. Aenean vitae est nisl. Cras molestie molestie nisl vel imperdiet. Donec vel mi sem.]]></content:encoded>
		<excerpt:encoded><![CDATA[]]></excerpt:encoded>
		<wp:post_id>907</wp:post_id>
		<wp:post_date><![CDATA[2016-06-28 08:10:07]]></wp:post_date>
		<wp:post_date_gmt><![CDATA[2016-06-28 08:10:07]]></wp:post_date_gmt>
		<wp:comment_status><![CDATA[open]]></wp:comment_status>
		<wp:ping_status><![CDATA[closed]]></wp:ping_status>
		<wp:post_name><![CDATA[gallery-audio-7]]></wp:post_name>
		<wp:status><![CDATA[publish]]></wp:status>
		<wp:post_parent>0</wp:post_parent>
		<wp:menu_order>0</wp:menu_order>
		<wp:post_type><![CDATA[project]]></wp:post_type>
		<wp:post_password><![CDATA[]]></wp:post_password>
		<wp:is_sticky>0</wp:is_sticky>
		<wp:postmeta>
			<wp:meta_key><![CDATA[_vc_post_settings]]></wp:meta_key>
			<wp:meta_value><![CDATA[a:1:{s:10:"vc_grid_id";a:0:{}}]]></wp:meta_value>
		</wp:postmeta>
		<wp:postmeta>
			<wp:meta_key><![CDATA[_edit_last]]></wp:meta_key>
			<wp:meta_value><![CDATA[1]]></wp:meta_value>
		</wp:postmeta>
		<wp:postmeta>
			<wp:meta_key><![CDATA[p_vid]]></wp:meta_key>
			<wp:meta_value><![CDATA[https://w.soundcloud.com/player/?url=https%3A//api.soundcloud.com/tracks/225090282&auto_play=false&hide_related=false&show_comments=true&show_user=true&show_reposts=false&visual=true]]></wp:meta_value>
		</wp:postmeta>
		<wp:postmeta>
			<wp:meta_key><![CDATA[_oembed_5bfbf340692a950752626af98f1cba9a]]></wp:meta_key>
			<wp:meta_value><![CDATA[{{unknown}}]]></wp:meta_value>
		</wp:postmeta>
		<wp:postmeta>
			<wp:meta_key><![CDATA[p_name]]></wp:meta_key>
			<wp:meta_value><![CDATA[Amanda Welsh]]></wp:meta_value>
		</wp:postmeta>
		<wp:postmeta>
			<wp:meta_key><![CDATA[p_date]]></wp:meta_key>
			<wp:meta_value><![CDATA[16.08.2016]]></wp:meta_value>
		</wp:postmeta>
		<wp:postmeta>
			<wp:meta_key><![CDATA[p_link]]></wp:meta_key>
			<wp:meta_value><![CDATA[www.somedomain.com]]></wp:meta_value>
		</wp:postmeta>
	</item>
	<item>
		<title>Gallery Audio 8</title>
		<link>http://thenordik.com/demo/themeforest/wordpress/wander/project/gallery-audio-8/</link>
		<pubDate>Tue, 28 Jun 2016 08:10:11 +0000</pubDate>
		<dc:creator><![CDATA[wander]]></dc:creator>
		<guid isPermaLink="false">http://localhost/wander/?post_type=project&#038;p=908</guid>
		<description></description>
		<content:encoded><![CDATA[Lorem ipsum dolor sit amet, consetetur sadipscing elitr, sed diam nonumy eirmod tempor invidunt ut labore et dolore magna aliquyam erat, sed diam voluptua. At vero eos et accusam et justo duo dolores et ea rebum. Stet clita kasd gubergren, no sea takimata sanctus magna aliquyam erat, sed diam voluptua. At vero eos et accusam et justo duo dolores et ea rebum. Stet clita kasd gubergren, no sea takimata sanctus est Lorem ipsum dolor sit amet. Vestibulum ante ipsum primis in faucibus orci luctus et ultrices posuere cubilia Curae; Nam at velit nisl. Aenean vitae est nisl. Cras molestie molestie nisl vel imperdiet. Donec vel mi sem.]]></content:encoded>
		<excerpt:encoded><![CDATA[]]></excerpt:encoded>
		<wp:post_id>908</wp:post_id>
		<wp:post_date><![CDATA[2016-06-28 08:10:11]]></wp:post_date>
		<wp:post_date_gmt><![CDATA[2016-06-28 08:10:11]]></wp:post_date_gmt>
		<wp:comment_status><![CDATA[open]]></wp:comment_status>
		<wp:ping_status><![CDATA[closed]]></wp:ping_status>
		<wp:post_name><![CDATA[gallery-audio-8]]></wp:post_name>
		<wp:status><![CDATA[publish]]></wp:status>
		<wp:post_parent>0</wp:post_parent>
		<wp:menu_order>0</wp:menu_order>
		<wp:post_type><![CDATA[project]]></wp:post_type>
		<wp:post_password><![CDATA[]]></wp:post_password>
		<wp:is_sticky>0</wp:is_sticky>
		<wp:postmeta>
			<wp:meta_key><![CDATA[_vc_post_settings]]></wp:meta_key>
			<wp:meta_value><![CDATA[a:1:{s:10:"vc_grid_id";a:0:{}}]]></wp:meta_value>
		</wp:postmeta>
		<wp:postmeta>
			<wp:meta_key><![CDATA[_edit_last]]></wp:meta_key>
			<wp:meta_value><![CDATA[1]]></wp:meta_value>
		</wp:postmeta>
		<wp:postmeta>
			<wp:meta_key><![CDATA[p_vid]]></wp:meta_key>
			<wp:meta_value><![CDATA[https://w.soundcloud.com/player/?url=https%3A//api.soundcloud.com/tracks/227010461&auto_play=false&hide_related=false&show_comments=true&show_user=true&show_reposts=false&visual=true]]></wp:meta_value>
		</wp:postmeta>
		<wp:postmeta>
			<wp:meta_key><![CDATA[_oembed_3ad815bb04e6920107befcb894d3fd45]]></wp:meta_key>
			<wp:meta_value><![CDATA[{{unknown}}]]></wp:meta_value>
		</wp:postmeta>
		<wp:postmeta>
			<wp:meta_key><![CDATA[p_name]]></wp:meta_key>
			<wp:meta_value><![CDATA[Amanda Welsh]]></wp:meta_value>
		</wp:postmeta>
		<wp:postmeta>
			<wp:meta_key><![CDATA[p_date]]></wp:meta_key>
			<wp:meta_value><![CDATA[16.08.2016]]></wp:meta_value>
		</wp:postmeta>
		<wp:postmeta>
			<wp:meta_key><![CDATA[p_link]]></wp:meta_key>
			<wp:meta_value><![CDATA[www.somedomain.com]]></wp:meta_value>
		</wp:postmeta>
	</item>
	<item>
		<title>Gallery Audio 9</title>
		<link>http://thenordik.com/demo/themeforest/wordpress/wander/project/gallery-audio-9/</link>
		<pubDate>Tue, 28 Jun 2016 08:10:15 +0000</pubDate>
		<dc:creator><![CDATA[wander]]></dc:creator>
		<guid isPermaLink="false">http://localhost/wander/?post_type=project&#038;p=909</guid>
		<description></description>
		<content:encoded><![CDATA[Lorem ipsum dolor sit amet, consetetur sadipscing elitr, sed diam nonumy eirmod tempor invidunt ut labore et dolore magna aliquyam erat, sed diam voluptua. At vero eos et accusam et justo duo dolores et ea rebum. Stet clita kasd gubergren, no sea takimata sanctus magna aliquyam erat, sed diam voluptua. At vero eos et accusam et justo duo dolores et ea rebum. Stet clita kasd gubergren, no sea takimata sanctus est Lorem ipsum dolor sit amet. Vestibulum ante ipsum primis in faucibus orci luctus et ultrices posuere cubilia Curae; Nam at velit nisl. Aenean vitae est nisl. Cras molestie molestie nisl vel imperdiet. Donec vel mi sem.]]></content:encoded>
		<excerpt:encoded><![CDATA[]]></excerpt:encoded>
		<wp:post_id>909</wp:post_id>
		<wp:post_date><![CDATA[2016-06-28 08:10:15]]></wp:post_date>
		<wp:post_date_gmt><![CDATA[2016-06-28 08:10:15]]></wp:post_date_gmt>
		<wp:comment_status><![CDATA[open]]></wp:comment_status>
		<wp:ping_status><![CDATA[closed]]></wp:ping_status>
		<wp:post_name><![CDATA[gallery-audio-9]]></wp:post_name>
		<wp:status><![CDATA[publish]]></wp:status>
		<wp:post_parent>0</wp:post_parent>
		<wp:menu_order>0</wp:menu_order>
		<wp:post_type><![CDATA[project]]></wp:post_type>
		<wp:post_password><![CDATA[]]></wp:post_password>
		<wp:is_sticky>0</wp:is_sticky>
		<category domain="project_category" nicename="web-design"><![CDATA[Web Design]]></category>
		<wp:postmeta>
			<wp:meta_key><![CDATA[_vc_post_settings]]></wp:meta_key>
			<wp:meta_value><![CDATA[a:1:{s:10:"vc_grid_id";a:0:{}}]]></wp:meta_value>
		</wp:postmeta>
		<wp:postmeta>
			<wp:meta_key><![CDATA[_edit_last]]></wp:meta_key>
			<wp:meta_value><![CDATA[1]]></wp:meta_value>
		</wp:postmeta>
		<wp:postmeta>
			<wp:meta_key><![CDATA[p_vid]]></wp:meta_key>
			<wp:meta_value><![CDATA[https://w.soundcloud.com/player/?url=https%3A//api.soundcloud.com/tracks/237603952&auto_play=false&hide_related=false&show_comments=true&show_user=true&show_reposts=false&visual=true]]></wp:meta_value>
		</wp:postmeta>
		<wp:postmeta>
			<wp:meta_key><![CDATA[_oembed_dae0c50124be68665f0c637690f3d03c]]></wp:meta_key>
			<wp:meta_value><![CDATA[{{unknown}}]]></wp:meta_value>
		</wp:postmeta>
		<wp:postmeta>
			<wp:meta_key><![CDATA[p_name]]></wp:meta_key>
			<wp:meta_value><![CDATA[Amanda Welsh]]></wp:meta_value>
		</wp:postmeta>
		<wp:postmeta>
			<wp:meta_key><![CDATA[p_date]]></wp:meta_key>
			<wp:meta_value><![CDATA[16.08.2016]]></wp:meta_value>
		</wp:postmeta>
		<wp:postmeta>
			<wp:meta_key><![CDATA[p_link]]></wp:meta_key>
			<wp:meta_value><![CDATA[www.somedomain.com]]></wp:meta_value>
		</wp:postmeta>
	</item>
	<item>
		<title>Gallery Audio 10</title>
		<link>http://thenordik.com/demo/themeforest/wordpress/wander/project/gallery-audio-10/</link>
		<pubDate>Tue, 28 Jun 2016 08:10:13 +0000</pubDate>
		<dc:creator><![CDATA[wander]]></dc:creator>
		<guid isPermaLink="false">http://localhost/wander/?post_type=project&#038;p=910</guid>
		<description></description>
		<content:encoded><![CDATA[Lorem ipsum dolor sit amet, consetetur sadipscing elitr, sed diam nonumy eirmod tempor invidunt ut labore et dolore magna aliquyam erat, sed diam voluptua. At vero eos et accusam et justo duo dolores et ea rebum. Stet clita kasd gubergren, no sea takimata sanctus magna aliquyam erat, sed diam voluptua. At vero eos et accusam et justo duo dolores et ea rebum. Stet clita kasd gubergren, no sea takimata sanctus est Lorem ipsum dolor sit amet. Vestibulum ante ipsum primis in faucibus orci luctus et ultrices posuere cubilia Curae; Nam at velit nisl. Aenean vitae est nisl. Cras molestie molestie nisl vel imperdiet. Donec vel mi sem.]]></content:encoded>
		<excerpt:encoded><![CDATA[]]></excerpt:encoded>
		<wp:post_id>910</wp:post_id>
		<wp:post_date><![CDATA[2016-06-28 08:10:13]]></wp:post_date>
		<wp:post_date_gmt><![CDATA[2016-06-28 08:10:13]]></wp:post_date_gmt>
		<wp:comment_status><![CDATA[open]]></wp:comment_status>
		<wp:ping_status><![CDATA[closed]]></wp:ping_status>
		<wp:post_name><![CDATA[gallery-audio-10]]></wp:post_name>
		<wp:status><![CDATA[publish]]></wp:status>
		<wp:post_parent>0</wp:post_parent>
		<wp:menu_order>0</wp:menu_order>
		<wp:post_type><![CDATA[project]]></wp:post_type>
		<wp:post_password><![CDATA[]]></wp:post_password>
		<wp:is_sticky>0</wp:is_sticky>
		<category domain="project_category" nicename="branding"><![CDATA[Branding]]></category>
		<wp:postmeta>
			<wp:meta_key><![CDATA[_vc_post_settings]]></wp:meta_key>
			<wp:meta_value><![CDATA[a:1:{s:10:"vc_grid_id";a:0:{}}]]></wp:meta_value>
		</wp:postmeta>
		<wp:postmeta>
			<wp:meta_key><![CDATA[_edit_last]]></wp:meta_key>
			<wp:meta_value><![CDATA[1]]></wp:meta_value>
		</wp:postmeta>
		<wp:postmeta>
			<wp:meta_key><![CDATA[p_vid]]></wp:meta_key>
			<wp:meta_value><![CDATA[https://w.soundcloud.com/player/?url=https%3A//api.soundcloud.com/tracks/237668695&auto_play=false&hide_related=false&show_comments=true&show_user=true&show_reposts=false&visual=true]]></wp:meta_value>
		</wp:postmeta>
		<wp:postmeta>
			<wp:meta_key><![CDATA[_oembed_39b2de9d94caa3b0af184fb7ab3332f4]]></wp:meta_key>
			<wp:meta_value><![CDATA[{{unknown}}]]></wp:meta_value>
		</wp:postmeta>
		<wp:postmeta>
			<wp:meta_key><![CDATA[p_name]]></wp:meta_key>
			<wp:meta_value><![CDATA[Amanda Welsh]]></wp:meta_value>
		</wp:postmeta>
		<wp:postmeta>
			<wp:meta_key><![CDATA[p_date]]></wp:meta_key>
			<wp:meta_value><![CDATA[16.08.2016]]></wp:meta_value>
		</wp:postmeta>
		<wp:postmeta>
			<wp:meta_key><![CDATA[p_link]]></wp:meta_key>
			<wp:meta_value><![CDATA[www.somedomain.com]]></wp:meta_value>
		</wp:postmeta>
	</item>
	<item>
		<title>Gallery Video 1</title>
		<link>http://thenordik.com/demo/themeforest/wordpress/wander/project/gallery-video-1/</link>
		<pubDate>Tue, 28 Jun 2016 08:22:14 +0000</pubDate>
		<dc:creator><![CDATA[wander]]></dc:creator>
		<guid isPermaLink="false">http://localhost/wander/?post_type=project&#038;p=912</guid>
		<description></description>
		<content:encoded><![CDATA[Lorem ipsum dolor sit amet, consetetur sadipscing elitr, sed diam nonumy eirmod tempor invidunt ut labore et dolore magna aliquyam erat, sed diam voluptua. At vero eos et accusam et justo duo dolores et ea rebum. Stet clita kasd gubergren, no sea takimata sanctus magna aliquyam erat, sed diam voluptua. At vero eos et accusam et justo duo dolores et ea rebum. Stet clita kasd gubergren, no sea takimata sanctus est Lorem ipsum dolor sit amet. Vestibulum ante ipsum primis in faucibus orci luctus et ultrices posuere cubilia Curae; Nam at velit nisl. Aenean vitae est nisl. Cras molestie molestie nisl vel imperdiet. Donec vel mi sem.]]></content:encoded>
		<excerpt:encoded><![CDATA[]]></excerpt:encoded>
		<wp:post_id>912</wp:post_id>
		<wp:post_date><![CDATA[2016-06-28 08:22:14]]></wp:post_date>
		<wp:post_date_gmt><![CDATA[2016-06-28 08:22:14]]></wp:post_date_gmt>
		<wp:comment_status><![CDATA[open]]></wp:comment_status>
		<wp:ping_status><![CDATA[closed]]></wp:ping_status>
		<wp:post_name><![CDATA[gallery-video-1]]></wp:post_name>
		<wp:status><![CDATA[publish]]></wp:status>
		<wp:post_parent>0</wp:post_parent>
		<wp:menu_order>0</wp:menu_order>
		<wp:post_type><![CDATA[project]]></wp:post_type>
		<wp:post_password><![CDATA[]]></wp:post_password>
		<wp:is_sticky>0</wp:is_sticky>
		<category domain="project_category" nicename="print"><![CDATA[Print]]></category>
		<wp:postmeta>
			<wp:meta_key><![CDATA[_vc_post_settings]]></wp:meta_key>
			<wp:meta_value><![CDATA[a:1:{s:10:"vc_grid_id";a:0:{}}]]></wp:meta_value>
		</wp:postmeta>
		<wp:postmeta>
			<wp:meta_key><![CDATA[_edit_last]]></wp:meta_key>
			<wp:meta_value><![CDATA[1]]></wp:meta_value>
		</wp:postmeta>
		<wp:postmeta>
			<wp:meta_key><![CDATA[p_vid]]></wp:meta_key>
			<wp:meta_value><![CDATA[https://www.youtube.com/embed/USVg_E7r20g]]></wp:meta_value>
		</wp:postmeta>
		<wp:postmeta>
			<wp:meta_key><![CDATA[_thumbnail_id]]></wp:meta_key>
			<wp:meta_value><![CDATA[924]]></wp:meta_value>
		</wp:postmeta>
		<wp:postmeta>
			<wp:meta_key><![CDATA[p_name]]></wp:meta_key>
			<wp:meta_value><![CDATA[Amanda Welsh]]></wp:meta_value>
		</wp:postmeta>
		<wp:postmeta>
			<wp:meta_key><![CDATA[p_date]]></wp:meta_key>
			<wp:meta_value><![CDATA[16.08.2016]]></wp:meta_value>
		</wp:postmeta>
		<wp:postmeta>
			<wp:meta_key><![CDATA[p_link]]></wp:meta_key>
			<wp:meta_value><![CDATA[www.somedomain.com]]></wp:meta_value>
		</wp:postmeta>
		<wp:postmeta>
			<wp:meta_key><![CDATA[_oembed_158c2845a4948f64d02f834727613698]]></wp:meta_key>
			<wp:meta_value><![CDATA[<iframe width="640" height="360" src="https://www.youtube.com/embed/USVg_E7r20g?feature=oembed" frameborder="0" allowfullscreen></iframe>]]></wp:meta_value>
		</wp:postmeta>
		<wp:postmeta>
			<wp:meta_key><![CDATA[_oembed_time_158c2845a4948f64d02f834727613698]]></wp:meta_key>
			<wp:meta_value><![CDATA[1476008740]]></wp:meta_value>
		</wp:postmeta>
	</item>
	<item>
		<title>Gallery Video 2</title>
		<link>http://thenordik.com/demo/themeforest/wordpress/wander/project/gallery-video-2/</link>
		<pubDate>Tue, 28 Jun 2016 08:22:17 +0000</pubDate>
		<dc:creator><![CDATA[wander]]></dc:creator>
		<guid isPermaLink="false">http://localhost/wander/?post_type=project&#038;p=913</guid>
		<description></description>
		<content:encoded><![CDATA[Lorem ipsum dolor sit amet, consetetur sadipscing elitr, sed diam nonumy eirmod tempor invidunt ut labore et dolore magna aliquyam erat, sed diam voluptua. At vero eos et accusam et justo duo dolores et ea rebum. Stet clita kasd gubergren, no sea takimata sanctus magna aliquyam erat, sed diam voluptua. At vero eos et accusam et justo duo dolores et ea rebum. Stet clita kasd gubergren, no sea takimata sanctus est Lorem ipsum dolor sit amet. Vestibulum ante ipsum primis in faucibus orci luctus et ultrices posuere cubilia Curae; Nam at velit nisl. Aenean vitae est nisl. Cras molestie molestie nisl vel imperdiet. Donec vel mi sem.]]></content:encoded>
		<excerpt:encoded><![CDATA[]]></excerpt:encoded>
		<wp:post_id>913</wp:post_id>
		<wp:post_date><![CDATA[2016-06-28 08:22:17]]></wp:post_date>
		<wp:post_date_gmt><![CDATA[2016-06-28 08:22:17]]></wp:post_date_gmt>
		<wp:comment_status><![CDATA[open]]></wp:comment_status>
		<wp:ping_status><![CDATA[closed]]></wp:ping_status>
		<wp:post_name><![CDATA[gallery-video-2]]></wp:post_name>
		<wp:status><![CDATA[publish]]></wp:status>
		<wp:post_parent>0</wp:post_parent>
		<wp:menu_order>0</wp:menu_order>
		<wp:post_type><![CDATA[project]]></wp:post_type>
		<wp:post_password><![CDATA[]]></wp:post_password>
		<wp:is_sticky>0</wp:is_sticky>
		<wp:postmeta>
			<wp:meta_key><![CDATA[_vc_post_settings]]></wp:meta_key>
			<wp:meta_value><![CDATA[a:1:{s:10:"vc_grid_id";a:0:{}}]]></wp:meta_value>
		</wp:postmeta>
		<wp:postmeta>
			<wp:meta_key><![CDATA[_edit_last]]></wp:meta_key>
			<wp:meta_value><![CDATA[1]]></wp:meta_value>
		</wp:postmeta>
		<wp:postmeta>
			<wp:meta_key><![CDATA[p_vid]]></wp:meta_key>
			<wp:meta_value><![CDATA[https://www.youtube.com/embed/5XR7naZ_zZA]]></wp:meta_value>
		</wp:postmeta>
		<wp:postmeta>
			<wp:meta_key><![CDATA[_thumbnail_id]]></wp:meta_key>
			<wp:meta_value><![CDATA[925]]></wp:meta_value>
		</wp:postmeta>
		<wp:postmeta>
			<wp:meta_key><![CDATA[p_name]]></wp:meta_key>
			<wp:meta_value><![CDATA[Amanda Welsh]]></wp:meta_value>
		</wp:postmeta>
		<wp:postmeta>
			<wp:meta_key><![CDATA[p_date]]></wp:meta_key>
			<wp:meta_value><![CDATA[16.08.2016]]></wp:meta_value>
		</wp:postmeta>
		<wp:postmeta>
			<wp:meta_key><![CDATA[p_link]]></wp:meta_key>
			<wp:meta_value><![CDATA[www.somedomain.com]]></wp:meta_value>
		</wp:postmeta>
		<wp:postmeta>
			<wp:meta_key><![CDATA[_oembed_aa83a956a6381b478832d874a32013ab]]></wp:meta_key>
			<wp:meta_value><![CDATA[<iframe width="640" height="360" src="https://www.youtube.com/embed/5XR7naZ_zZA?feature=oembed" frameborder="0" allowfullscreen></iframe>]]></wp:meta_value>
		</wp:postmeta>
		<wp:postmeta>
			<wp:meta_key><![CDATA[_oembed_time_aa83a956a6381b478832d874a32013ab]]></wp:meta_key>
			<wp:meta_value><![CDATA[1476008729]]></wp:meta_value>
		</wp:postmeta>
	</item>
	<item>
		<title>Gallery Video 3</title>
		<link>http://thenordik.com/demo/themeforest/wordpress/wander/project/gallery-video-3/</link>
		<pubDate>Tue, 28 Jun 2016 08:22:20 +0000</pubDate>
		<dc:creator><![CDATA[wander]]></dc:creator>
		<guid isPermaLink="false">http://localhost/wander/?post_type=project&#038;p=914</guid>
		<description></description>
		<content:encoded><![CDATA[Lorem ipsum dolor sit amet, consetetur sadipscing elitr, sed diam nonumy eirmod tempor invidunt ut labore et dolore magna aliquyam erat, sed diam voluptua. At vero eos et accusam et justo duo dolores et ea rebum. Stet clita kasd gubergren, no sea takimata sanctus magna aliquyam erat, sed diam voluptua. At vero eos et accusam et justo duo dolores et ea rebum. Stet clita kasd gubergren, no sea takimata sanctus est Lorem ipsum dolor sit amet. Vestibulum ante ipsum primis in faucibus orci luctus et ultrices posuere cubilia Curae; Nam at velit nisl. Aenean vitae est nisl. Cras molestie molestie nisl vel imperdiet. Donec vel mi sem.]]></content:encoded>
		<excerpt:encoded><![CDATA[]]></excerpt:encoded>
		<wp:post_id>914</wp:post_id>
		<wp:post_date><![CDATA[2016-06-28 08:22:20]]></wp:post_date>
		<wp:post_date_gmt><![CDATA[2016-06-28 08:22:20]]></wp:post_date_gmt>
		<wp:comment_status><![CDATA[open]]></wp:comment_status>
		<wp:ping_status><![CDATA[closed]]></wp:ping_status>
		<wp:post_name><![CDATA[gallery-video-3]]></wp:post_name>
		<wp:status><![CDATA[publish]]></wp:status>
		<wp:post_parent>0</wp:post_parent>
		<wp:menu_order>0</wp:menu_order>
		<wp:post_type><![CDATA[project]]></wp:post_type>
		<wp:post_password><![CDATA[]]></wp:post_password>
		<wp:is_sticky>0</wp:is_sticky>
		<category domain="project_category" nicename="grapic"><![CDATA[Grapic]]></category>
		<wp:postmeta>
			<wp:meta_key><![CDATA[_vc_post_settings]]></wp:meta_key>
			<wp:meta_value><![CDATA[a:1:{s:10:"vc_grid_id";a:0:{}}]]></wp:meta_value>
		</wp:postmeta>
		<wp:postmeta>
			<wp:meta_key><![CDATA[_edit_last]]></wp:meta_key>
			<wp:meta_value><![CDATA[1]]></wp:meta_value>
		</wp:postmeta>
		<wp:postmeta>
			<wp:meta_key><![CDATA[p_vid]]></wp:meta_key>
			<wp:meta_value><![CDATA[https://www.youtube.com/embed/JxEiIeoet6Q]]></wp:meta_value>
		</wp:postmeta>
		<wp:postmeta>
			<wp:meta_key><![CDATA[_thumbnail_id]]></wp:meta_key>
			<wp:meta_value><![CDATA[926]]></wp:meta_value>
		</wp:postmeta>
		<wp:postmeta>
			<wp:meta_key><![CDATA[p_name]]></wp:meta_key>
			<wp:meta_value><![CDATA[Amanda Welsh]]></wp:meta_value>
		</wp:postmeta>
		<wp:postmeta>
			<wp:meta_key><![CDATA[p_date]]></wp:meta_key>
			<wp:meta_value><![CDATA[16.08.2016]]></wp:meta_value>
		</wp:postmeta>
		<wp:postmeta>
			<wp:meta_key><![CDATA[p_link]]></wp:meta_key>
			<wp:meta_value><![CDATA[www.somedomain.com]]></wp:meta_value>
		</wp:postmeta>
		<wp:postmeta>
			<wp:meta_key><![CDATA[_oembed_d348dd80e5e493094bb7e15e3a21c878]]></wp:meta_key>
			<wp:meta_value><![CDATA[<iframe width="640" height="360" src="https://www.youtube.com/embed/JxEiIeoet6Q?feature=oembed" frameborder="0" allowfullscreen></iframe>]]></wp:meta_value>
		</wp:postmeta>
		<wp:postmeta>
			<wp:meta_key><![CDATA[_oembed_time_d348dd80e5e493094bb7e15e3a21c878]]></wp:meta_key>
			<wp:meta_value><![CDATA[1476008204]]></wp:meta_value>
		</wp:postmeta>
	</item>
	<item>
		<title>Gallery Video 4</title>
		<link>http://thenordik.com/demo/themeforest/wordpress/wander/project/gallery-video-4/</link>
		<pubDate>Tue, 28 Jun 2016 08:22:24 +0000</pubDate>
		<dc:creator><![CDATA[wander]]></dc:creator>
		<guid isPermaLink="false">http://localhost/wander/?post_type=project&#038;p=915</guid>
		<description></description>
		<content:encoded><![CDATA[Lorem ipsum dolor sit amet, consetetur sadipscing elitr, sed diam nonumy eirmod tempor invidunt ut labore et dolore magna aliquyam erat, sed diam voluptua. At vero eos et accusam et justo duo dolores et ea rebum. Stet clita kasd gubergren, no sea takimata sanctus magna aliquyam erat, sed diam voluptua. At vero eos et accusam et justo duo dolores et ea rebum. Stet clita kasd gubergren, no sea takimata sanctus est Lorem ipsum dolor sit amet. Vestibulum ante ipsum primis in faucibus orci luctus et ultrices posuere cubilia Curae; Nam at velit nisl. Aenean vitae est nisl. Cras molestie molestie nisl vel imperdiet. Donec vel mi sem.]]></content:encoded>
		<excerpt:encoded><![CDATA[]]></excerpt:encoded>
		<wp:post_id>915</wp:post_id>
		<wp:post_date><![CDATA[2016-06-28 08:22:24]]></wp:post_date>
		<wp:post_date_gmt><![CDATA[2016-06-28 08:22:24]]></wp:post_date_gmt>
		<wp:comment_status><![CDATA[open]]></wp:comment_status>
		<wp:ping_status><![CDATA[closed]]></wp:ping_status>
		<wp:post_name><![CDATA[gallery-video-4]]></wp:post_name>
		<wp:status><![CDATA[publish]]></wp:status>
		<wp:post_parent>0</wp:post_parent>
		<wp:menu_order>0</wp:menu_order>
		<wp:post_type><![CDATA[project]]></wp:post_type>
		<wp:post_password><![CDATA[]]></wp:post_password>
		<wp:is_sticky>0</wp:is_sticky>
		<wp:postmeta>
			<wp:meta_key><![CDATA[_vc_post_settings]]></wp:meta_key>
			<wp:meta_value><![CDATA[a:1:{s:10:"vc_grid_id";a:0:{}}]]></wp:meta_value>
		</wp:postmeta>
		<wp:postmeta>
			<wp:meta_key><![CDATA[_edit_last]]></wp:meta_key>
			<wp:meta_value><![CDATA[1]]></wp:meta_value>
		</wp:postmeta>
		<wp:postmeta>
			<wp:meta_key><![CDATA[p_vid]]></wp:meta_key>
			<wp:meta_value><![CDATA[https://www.youtube.com/embed/b0WDY8Y5q-0]]></wp:meta_value>
		</wp:postmeta>
		<wp:postmeta>
			<wp:meta_key><![CDATA[_thumbnail_id]]></wp:meta_key>
			<wp:meta_value><![CDATA[927]]></wp:meta_value>
		</wp:postmeta>
		<wp:postmeta>
			<wp:meta_key><![CDATA[p_name]]></wp:meta_key>
			<wp:meta_value><![CDATA[Amanda Welsh]]></wp:meta_value>
		</wp:postmeta>
		<wp:postmeta>
			<wp:meta_key><![CDATA[p_date]]></wp:meta_key>
			<wp:meta_value><![CDATA[16.08.2016]]></wp:meta_value>
		</wp:postmeta>
		<wp:postmeta>
			<wp:meta_key><![CDATA[p_link]]></wp:meta_key>
			<wp:meta_value><![CDATA[www.somedomain.com]]></wp:meta_value>
		</wp:postmeta>
		<wp:postmeta>
			<wp:meta_key><![CDATA[_oembed_5de7267be130838cbd6b21c1d233472c]]></wp:meta_key>
			<wp:meta_value><![CDATA[<iframe width="640" height="360" src="https://www.youtube.com/embed/videoseries?list=PLEE58C6029A8A6ADE" frameborder="0" allowfullscreen></iframe>]]></wp:meta_value>
		</wp:postmeta>
		<wp:postmeta>
			<wp:meta_key><![CDATA[_oembed_time_5de7267be130838cbd6b21c1d233472c]]></wp:meta_key>
			<wp:meta_value><![CDATA[1476008186]]></wp:meta_value>
		</wp:postmeta>
		<wp:postmeta>
			<wp:meta_key><![CDATA[_oembed_81b394dac946893e6866ce5198d4d0d8]]></wp:meta_key>
			<wp:meta_value><![CDATA[<iframe width="640" height="360" src="https://www.youtube.com/embed/b0WDY8Y5q-0?feature=oembed" frameborder="0" allowfullscreen></iframe>]]></wp:meta_value>
		</wp:postmeta>
		<wp:postmeta>
			<wp:meta_key><![CDATA[_oembed_time_81b394dac946893e6866ce5198d4d0d8]]></wp:meta_key>
			<wp:meta_value><![CDATA[1476008650]]></wp:meta_value>
		</wp:postmeta>
	</item>
	<item>
		<title>Gallery Video 5</title>
		<link>http://thenordik.com/demo/themeforest/wordpress/wander/project/gallery-video-5/</link>
		<pubDate>Tue, 28 Jun 2016 08:22:27 +0000</pubDate>
		<dc:creator><![CDATA[wander]]></dc:creator>
		<guid isPermaLink="false">http://localhost/wander/?post_type=project&#038;p=916</guid>
		<description></description>
		<content:encoded><![CDATA[Lorem ipsum dolor sit amet, consetetur sadipscing elitr, sed diam nonumy eirmod tempor invidunt ut labore et dolore magna aliquyam erat, sed diam voluptua. At vero eos et accusam et justo duo dolores et ea rebum. Stet clita kasd gubergren, no sea takimata sanctus magna aliquyam erat, sed diam voluptua. At vero eos et accusam et justo duo dolores et ea rebum. Stet clita kasd gubergren, no sea takimata sanctus est Lorem ipsum dolor sit amet. Vestibulum ante ipsum primis in faucibus orci luctus et ultrices posuere cubilia Curae; Nam at velit nisl. Aenean vitae est nisl. Cras molestie molestie nisl vel imperdiet. Donec vel mi sem.]]></content:encoded>
		<excerpt:encoded><![CDATA[]]></excerpt:encoded>
		<wp:post_id>916</wp:post_id>
		<wp:post_date><![CDATA[2016-06-28 08:22:27]]></wp:post_date>
		<wp:post_date_gmt><![CDATA[2016-06-28 08:22:27]]></wp:post_date_gmt>
		<wp:comment_status><![CDATA[open]]></wp:comment_status>
		<wp:ping_status><![CDATA[closed]]></wp:ping_status>
		<wp:post_name><![CDATA[gallery-video-5]]></wp:post_name>
		<wp:status><![CDATA[publish]]></wp:status>
		<wp:post_parent>0</wp:post_parent>
		<wp:menu_order>0</wp:menu_order>
		<wp:post_type><![CDATA[project]]></wp:post_type>
		<wp:post_password><![CDATA[]]></wp:post_password>
		<wp:is_sticky>0</wp:is_sticky>
		<wp:postmeta>
			<wp:meta_key><![CDATA[_vc_post_settings]]></wp:meta_key>
			<wp:meta_value><![CDATA[a:1:{s:10:"vc_grid_id";a:0:{}}]]></wp:meta_value>
		</wp:postmeta>
		<wp:postmeta>
			<wp:meta_key><![CDATA[_edit_last]]></wp:meta_key>
			<wp:meta_value><![CDATA[1]]></wp:meta_value>
		</wp:postmeta>
		<wp:postmeta>
			<wp:meta_key><![CDATA[p_vid]]></wp:meta_key>
			<wp:meta_value><![CDATA[https://player.vimeo.com/video/157100757]]></wp:meta_value>
		</wp:postmeta>
		<wp:postmeta>
			<wp:meta_key><![CDATA[_thumbnail_id]]></wp:meta_key>
			<wp:meta_value><![CDATA[928]]></wp:meta_value>
		</wp:postmeta>
		<wp:postmeta>
			<wp:meta_key><![CDATA[p_name]]></wp:meta_key>
			<wp:meta_value><![CDATA[Amanda Welsh]]></wp:meta_value>
		</wp:postmeta>
		<wp:postmeta>
			<wp:meta_key><![CDATA[p_date]]></wp:meta_key>
			<wp:meta_value><![CDATA[16.08.2016]]></wp:meta_value>
		</wp:postmeta>
		<wp:postmeta>
			<wp:meta_key><![CDATA[p_link]]></wp:meta_key>
			<wp:meta_value><![CDATA[www.somedomain.com]]></wp:meta_value>
		</wp:postmeta>
	</item>
	<item>
		<title>Gallery Video 6</title>
		<link>http://thenordik.com/demo/themeforest/wordpress/wander/project/gallery-video/</link>
		<pubDate>Tue, 28 Jun 2016 08:22:28 +0000</pubDate>
		<dc:creator><![CDATA[wander]]></dc:creator>
		<guid isPermaLink="false">http://localhost/wander/?post_type=project&#038;p=917</guid>
		<description></description>
		<content:encoded><![CDATA[Lorem ipsum dolor sit amet, consetetur sadipscing elitr, sed diam nonumy eirmod tempor invidunt ut labore et dolore magna aliquyam erat, sed diam voluptua. At vero eos et accusam et justo duo dolores et ea rebum. Stet clita kasd gubergren, no sea takimata sanctus magna aliquyam erat, sed diam voluptua. At vero eos et accusam et justo duo dolores et ea rebum. Stet clita kasd gubergren, no sea takimata sanctus est Lorem ipsum dolor sit amet. Vestibulum ante ipsum primis in faucibus orci luctus et ultrices posuere cubilia Curae; Nam at velit nisl. Aenean vitae est nisl. Cras molestie molestie nisl vel imperdiet. Donec vel mi sem.]]></content:encoded>
		<excerpt:encoded><![CDATA[]]></excerpt:encoded>
		<wp:post_id>917</wp:post_id>
		<wp:post_date><![CDATA[2016-06-28 08:22:28]]></wp:post_date>
		<wp:post_date_gmt><![CDATA[2016-06-28 08:22:28]]></wp:post_date_gmt>
		<wp:comment_status><![CDATA[open]]></wp:comment_status>
		<wp:ping_status><![CDATA[closed]]></wp:ping_status>
		<wp:post_name><![CDATA[gallery-video]]></wp:post_name>
		<wp:status><![CDATA[publish]]></wp:status>
		<wp:post_parent>0</wp:post_parent>
		<wp:menu_order>0</wp:menu_order>
		<wp:post_type><![CDATA[project]]></wp:post_type>
		<wp:post_password><![CDATA[]]></wp:post_password>
		<wp:is_sticky>0</wp:is_sticky>
		<category domain="project_category" nicename="print"><![CDATA[Print]]></category>
		<category domain="project_category" nicename="web-design"><![CDATA[Web Design]]></category>
		<wp:postmeta>
			<wp:meta_key><![CDATA[_vc_post_settings]]></wp:meta_key>
			<wp:meta_value><![CDATA[a:1:{s:10:"vc_grid_id";a:0:{}}]]></wp:meta_value>
		</wp:postmeta>
		<wp:postmeta>
			<wp:meta_key><![CDATA[_edit_last]]></wp:meta_key>
			<wp:meta_value><![CDATA[1]]></wp:meta_value>
		</wp:postmeta>
		<wp:postmeta>
			<wp:meta_key><![CDATA[p_vid]]></wp:meta_key>
			<wp:meta_value><![CDATA[https://www.youtube.com/embed/MT_Bqzd3SRY]]></wp:meta_value>
		</wp:postmeta>
		<wp:postmeta>
			<wp:meta_key><![CDATA[_thumbnail_id]]></wp:meta_key>
			<wp:meta_value><![CDATA[929]]></wp:meta_value>
		</wp:postmeta>
		<wp:postmeta>
			<wp:meta_key><![CDATA[p_name]]></wp:meta_key>
			<wp:meta_value><![CDATA[Amanda Welsh]]></wp:meta_value>
		</wp:postmeta>
		<wp:postmeta>
			<wp:meta_key><![CDATA[p_date]]></wp:meta_key>
			<wp:meta_value><![CDATA[16.08.2016]]></wp:meta_value>
		</wp:postmeta>
		<wp:postmeta>
			<wp:meta_key><![CDATA[p_link]]></wp:meta_key>
			<wp:meta_value><![CDATA[www.somedomain.com]]></wp:meta_value>
		</wp:postmeta>
		<wp:postmeta>
			<wp:meta_key><![CDATA[_oembed_b8c18366db46578396f9df3c6a5a01c1]]></wp:meta_key>
			<wp:meta_value><![CDATA[<iframe width="640" height="360" src="https://www.youtube.com/embed/MT_Bqzd3SRY?feature=oembed" frameborder="0" allowfullscreen></iframe>]]></wp:meta_value>
		</wp:postmeta>
		<wp:postmeta>
			<wp:meta_key><![CDATA[_oembed_time_b8c18366db46578396f9df3c6a5a01c1]]></wp:meta_key>
			<wp:meta_value><![CDATA[1476008105]]></wp:meta_value>
		</wp:postmeta>
	</item>
	<item>
		<title>Gallery Video 7</title>
		<link>http://thenordik.com/demo/themeforest/wordpress/wander/project/gallery-video-7/</link>
		<pubDate>Tue, 28 Jun 2016 08:22:30 +0000</pubDate>
		<dc:creator><![CDATA[wander]]></dc:creator>
		<guid isPermaLink="false">http://localhost/wander/?post_type=project&#038;p=918</guid>
		<description></description>
		<content:encoded><![CDATA[Lorem ipsum dolor sit amet, consetetur sadipscing elitr, sed diam nonumy eirmod tempor invidunt ut labore et dolore magna aliquyam erat, sed diam voluptua. At vero eos et accusam et justo duo dolores et ea rebum. Stet clita kasd gubergren, no sea takimata sanctus magna aliquyam erat, sed diam voluptua. At vero eos et accusam et justo duo dolores et ea rebum. Stet clita kasd gubergren, no sea takimata sanctus est Lorem ipsum dolor sit amet. Vestibulum ante ipsum primis in faucibus orci luctus et ultrices posuere cubilia Curae; Nam at velit nisl. Aenean vitae est nisl. Cras molestie molestie nisl vel imperdiet. Donec vel mi sem.]]></content:encoded>
		<excerpt:encoded><![CDATA[]]></excerpt:encoded>
		<wp:post_id>918</wp:post_id>
		<wp:post_date><![CDATA[2016-06-28 08:22:30]]></wp:post_date>
		<wp:post_date_gmt><![CDATA[2016-06-28 08:22:30]]></wp:post_date_gmt>
		<wp:comment_status><![CDATA[open]]></wp:comment_status>
		<wp:ping_status><![CDATA[closed]]></wp:ping_status>
		<wp:post_name><![CDATA[gallery-video-7]]></wp:post_name>
		<wp:status><![CDATA[publish]]></wp:status>
		<wp:post_parent>0</wp:post_parent>
		<wp:menu_order>0</wp:menu_order>
		<wp:post_type><![CDATA[project]]></wp:post_type>
		<wp:post_password><![CDATA[]]></wp:post_password>
		<wp:is_sticky>0</wp:is_sticky>
		<category domain="project_category" nicename="branding"><![CDATA[Branding]]></category>
		<category domain="project_category" nicename="grapic"><![CDATA[Grapic]]></category>
		<wp:postmeta>
			<wp:meta_key><![CDATA[_vc_post_settings]]></wp:meta_key>
			<wp:meta_value><![CDATA[a:1:{s:10:"vc_grid_id";a:0:{}}]]></wp:meta_value>
		</wp:postmeta>
		<wp:postmeta>
			<wp:meta_key><![CDATA[_edit_last]]></wp:meta_key>
			<wp:meta_value><![CDATA[1]]></wp:meta_value>
		</wp:postmeta>
		<wp:postmeta>
			<wp:meta_key><![CDATA[p_vid]]></wp:meta_key>
			<wp:meta_value><![CDATA[https://www.youtube.com/watch?v=KDxJlW6cxRk]]></wp:meta_value>
		</wp:postmeta>
		<wp:postmeta>
			<wp:meta_key><![CDATA[_thumbnail_id]]></wp:meta_key>
			<wp:meta_value><![CDATA[930]]></wp:meta_value>
		</wp:postmeta>
		<wp:postmeta>
			<wp:meta_key><![CDATA[p_name]]></wp:meta_key>
			<wp:meta_value><![CDATA[Amanda Welsh]]></wp:meta_value>
		</wp:postmeta>
		<wp:postmeta>
			<wp:meta_key><![CDATA[p_date]]></wp:meta_key>
			<wp:meta_value><![CDATA[16.08.2016]]></wp:meta_value>
		</wp:postmeta>
		<wp:postmeta>
			<wp:meta_key><![CDATA[p_link]]></wp:meta_key>
			<wp:meta_value><![CDATA[www.somedomain.com]]></wp:meta_value>
		</wp:postmeta>
	</item>
	<item>
		<title>Gallery Video 8</title>
		<link>http://thenordik.com/demo/themeforest/wordpress/wander/project/gallery-video-8/</link>
		<pubDate>Tue, 28 Jun 2016 08:22:32 +0000</pubDate>
		<dc:creator><![CDATA[wander]]></dc:creator>
		<guid isPermaLink="false">http://localhost/wander/?post_type=project&#038;p=919</guid>
		<description></description>
		<content:encoded><![CDATA[Lorem ipsum dolor sit amet, consetetur sadipscing elitr, sed diam nonumy eirmod tempor invidunt ut labore et dolore magna aliquyam erat, sed diam voluptua. At vero eos et accusam et justo duo dolores et ea rebum. Stet clita kasd gubergren, no sea takimata sanctus magna aliquyam erat, sed diam voluptua. At vero eos et accusam et justo duo dolores et ea rebum. Stet clita kasd gubergren, no sea takimata sanctus est Lorem ipsum dolor sit amet. Vestibulum ante ipsum primis in faucibus orci luctus et ultrices posuere cubilia Curae; Nam at velit nisl. Aenean vitae est nisl. Cras molestie molestie nisl vel imperdiet. Donec vel mi sem.]]></content:encoded>
		<excerpt:encoded><![CDATA[Praesent consectetur ligula eget elit pretium, eget porttitor sem rhoncus. Duis sodales turpis vel tempus pharetra. Pellentesque molestie consectetur justo at sodales. Nullam sollicitudin eget massa ut euismod. Donec vel turpis est. Cras urna sem, malesuada, viverra eget erat. Nullam sem.]]></excerpt:encoded>
		<wp:post_id>919</wp:post_id>
		<wp:post_date><![CDATA[2016-06-28 08:22:32]]></wp:post_date>
		<wp:post_date_gmt><![CDATA[2016-06-28 08:22:32]]></wp:post_date_gmt>
		<wp:comment_status><![CDATA[open]]></wp:comment_status>
		<wp:ping_status><![CDATA[closed]]></wp:ping_status>
		<wp:post_name><![CDATA[gallery-video-8]]></wp:post_name>
		<wp:status><![CDATA[publish]]></wp:status>
		<wp:post_parent>0</wp:post_parent>
		<wp:menu_order>0</wp:menu_order>
		<wp:post_type><![CDATA[project]]></wp:post_type>
		<wp:post_password><![CDATA[]]></wp:post_password>
		<wp:is_sticky>0</wp:is_sticky>
		<category domain="project_category" nicename="branding"><![CDATA[Branding]]></category>
		<category domain="project_category" nicename="grapic"><![CDATA[Grapic]]></category>
		<wp:postmeta>
			<wp:meta_key><![CDATA[_vc_post_settings]]></wp:meta_key>
			<wp:meta_value><![CDATA[a:1:{s:10:"vc_grid_id";a:0:{}}]]></wp:meta_value>
		</wp:postmeta>
		<wp:postmeta>
			<wp:meta_key><![CDATA[_edit_last]]></wp:meta_key>
			<wp:meta_value><![CDATA[1]]></wp:meta_value>
		</wp:postmeta>
		<wp:postmeta>
			<wp:meta_key><![CDATA[p_vid]]></wp:meta_key>
			<wp:meta_value><![CDATA[https://player.vimeo.com/video/157100757]]></wp:meta_value>
		</wp:postmeta>
		<wp:postmeta>
			<wp:meta_key><![CDATA[_thumbnail_id]]></wp:meta_key>
			<wp:meta_value><![CDATA[931]]></wp:meta_value>
		</wp:postmeta>
		<wp:postmeta>
			<wp:meta_key><![CDATA[p_name]]></wp:meta_key>
			<wp:meta_value><![CDATA[Amanda Welsh]]></wp:meta_value>
		</wp:postmeta>
		<wp:postmeta>
			<wp:meta_key><![CDATA[p_date]]></wp:meta_key>
			<wp:meta_value><![CDATA[16.08.2016]]></wp:meta_value>
		</wp:postmeta>
		<wp:postmeta>
			<wp:meta_key><![CDATA[p_link]]></wp:meta_key>
			<wp:meta_value><![CDATA[www.somedomain.com]]></wp:meta_value>
		</wp:postmeta>
	</item>
</channel>
</rss>
