{"last_tab":"2","logo_light":{"url":"http:\/\/thenordik.com\/demo\/themeforest\/wordpress\/wander\/wp-content\/uploads\/2016\/07\/logo-light.png","id":"1130","height":"66","width":"200","thumbnail":"http:\/\/thenordik.com\/demo\/themeforest\/wordpress\/wander\/wp-content\/uploads\/2016\/07\/logo-light-150x66.png"},"logo_dark":{"url":"http:\/\/thenordik.com\/demo\/themeforest\/wordpress\/wander\/wp-content\/uploads\/2016\/07\/logo-dark.png","id":"1131","height":"66","width":"200","thumbnail":"http:\/\/thenordik.com\/demo\/themeforest\/wordpress\/wander\/wp-content\/uploads\/2016\/07\/logo-dark-150x66.png"},"favicon":{"url":"http:\/\/thenordik.com\/demo\/themeforest\/wordpress\/wander\/wp-content\/uploads\/2016\/10\/favicon.png","id":"1248","height":"32","width":"32","thumbnail":"http:\/\/thenordik.com\/demo\/themeforest\/wordpress\/wander\/wp-content\/uploads\/2016\/10\/favicon.png"},"social_icons":{"ion-social-facebook":"Facebook","ion-social-twitter":"Twitter","ion-social-googleplus":"Google Plus","ion-social-linkedin":"LinkedIn","ion-social-instagram":"Instagram","ion-social-pinterest":"Pinterest","ion-social-yahoo":"Yahoo"},"social_links":"#tw, #fb, #ins, #pin, #link, #drop","slider_opts":"slider_8","slider_1_image_1":{"url":"http:\/\/thenordik.com\/demo\/themeforest\/wordpress\/wander\/wp-content\/uploads\/2016\/06\/bg-1.jpg","id":"269","height":"1170","width":"1920","thumbnail":"http:\/\/thenordik.com\/demo\/themeforest\/wordpress\/wander\/wp-content\/uploads\/2016\/06\/bg-1-150x150.jpg"},"slider_1_subtitletitle_1":"We Set You Apart To Grow Online","slider_1_title_1":"Let us help you build &amp; brand\r\nyour success online.","slider_1_content_1":"We create experiences that transform brands, grow businesses and makepeople\u2019s lives<br>better. Awesome interdisciplinary team dedicated to your success!","slider_1_btn_content_1":"We are Creative","slider_1_btn_link_1":"#features","slider_1_image_2":{"url":"http:\/\/thenordik.com\/demo\/themeforest\/wordpress\/wander\/wp-content\/uploads\/2016\/06\/bg-1-1.jpg","id":"961","height":"1170","width":"1920","thumbnail":"http:\/\/thenordik.com\/demo\/themeforest\/wordpress\/wander\/wp-content\/uploads\/2016\/06\/bg-1-1-150x150.jpg"},"slider_1_subtitletitle_2":"We Set You Apart To Grow Online","slider_1_title_2":"Wander From Vossen","slider_1_content_2":"We create experiences that transform brands, grow businesses and makepeople\u2019s lives<br>better. Awesome interdisciplinary team dedicated to your success!","slider_1_btn_content_2":"We are Creative","slider_1_btn_link_2":"#features","slider_2_image_1":{"url":"http:\/\/thenordik.com\/demo\/themeforest\/wordpress\/wander\/wp-content\/uploads\/2016\/06\/bg-1.jpg","id":"269","height":"1170","width":"1920","thumbnail":"http:\/\/thenordik.com\/demo\/themeforest\/wordpress\/wander\/wp-content\/uploads\/2016\/06\/bg-1-150x150.jpg"},"slider_2_subtitletitle_1":"We Set You Apart To Grow Online","slider_2_title_1":"We Are Wander","slider_2_content_1":"We create experiences that transform brands, grow businesses and makepeople\u2019s lives<br>better. Awesome interdisciplinary team dedicated to your success!","slider_2_btn_content_1":"We are Creative","slider_2_btn_link_1":"#features","slider_2_image_2":{"url":"http:\/\/thenordik.com\/demo\/themeforest\/wordpress\/wander\/wp-content\/uploads\/2016\/06\/bg-1-2.jpg","id":"980","height":"1170","width":"1920","thumbnail":"http:\/\/thenordik.com\/demo\/themeforest\/wordpress\/wander\/wp-content\/uploads\/2016\/06\/bg-1-2-150x150.jpg"},"slider_2_subtitletitle_2":"We Set You Apart To Grow Online","slider_2_title_2":"We Love Designing","slider_2_content_2":"We create experiences that transform brands, grow businesses and makepeople\u2019s lives<br>better. Awesome interdisciplinary team dedicated to your success!","slider_2_btn_content_2":"We are Creative","slider_2_btn_link_2":"#features","slider_3_video_1":"rrNL9RlPDk0","slider_3_subtitletitle_1":"We Set You Apart To Grow Online","slider_3_title_1":"Bring your <span class=\"bold\">business<\/span> to life","slider_3_content_1":"We create experiences that transform brands, grow businesses and makepeople\u2019s lives<br>better. Awesome interdisciplinary team dedicated to your success!","slider_3_btn_content_1":"We are Creative","slider_3_btn_link_1":"#features","slider_4_video_1":"rrNL9RlPDk0","slider_4_subtitletitle_1":"We Set You Apart To Grow Online","slider_4_title_1":"Bring your <span class=\"bold\">business<\/span> to life","slider_4_content_1":"We create experiences that transform brands, grow businesses and makepeople\u2019s lives<br>better. Awesome interdisciplinary team dedicated to your success!","slider_4_btn_content_1":"We are Creative","slider_4_btn_link_1":"#features","slider_5_image_1":{"url":"http:\/\/thenordik.com\/demo\/themeforest\/wordpress\/wander\/wp-content\/uploads\/2016\/06\/bg-3.jpg","id":"1007","height":"1170","width":"1920","thumbnail":"http:\/\/thenordik.com\/demo\/themeforest\/wordpress\/wander\/wp-content\/uploads\/2016\/06\/bg-3-150x150.jpg"},"slider_5_video_1":"https:\/\/www.youtube.com\/watch?v=4Wkr0eXiUNw","slider_5_subtitletitle_1":"We Set You Apart To Grow Online","slider_5_title_1":"Trendy Designs","slider_5_content_1":"We create experiences that transform brands, grow businesses and makepeople\u2019s lives<br>better. Awesome interdisciplinary team dedicated to your success!","slider_5_subtitletitle_2":"We Set You Apart To Grow Online","slider_5_title_2":"Simple and Minimal","slider_5_content_2":"We create experiences that transform brands, grow businesses and makepeople\u2019s lives<br>better. Awesome interdisciplinary team dedicated to your success!","slider_6_image_1":{"url":"http:\/\/thenordik.com\/demo\/themeforest\/wordpress\/wander\/wp-content\/uploads\/2016\/06\/bg-6-3.jpg","id":"1013","height":"1170","width":"1920","thumbnail":"http:\/\/thenordik.com\/demo\/themeforest\/wordpress\/wander\/wp-content\/uploads\/2016\/06\/bg-6-3-150x150.jpg"},"slider_6_subtitletitle_1":"We Set You Apart To Grow Online","slider_6_title_1":"Bring your <span class=\"bold\">business<\/span> to life","slider_6_content_1":"We create experiences that transform brands, grow businesses and makepeople\u2019s lives<br>better. Awesome interdisciplinary team dedicated to your success!","slider_6_subtitletitle_2":"We Set You Apart To Grow Online","slider_6_title_2":"Bring your <span class=\"bold\">business<\/span> to life","slider_6_content_2":"We create experiences that transform brands, grow businesses and makepeople\u2019s lives<br>better. Awesome interdisciplinary team dedicated to your success!","slider_7_image_1":{"url":"http:\/\/thenordik.com\/demo\/themeforest\/wordpress\/wander\/wp-content\/uploads\/2016\/06\/bg-1.jpg","id":"269","height":"1170","width":"1920","thumbnail":"http:\/\/thenordik.com\/demo\/themeforest\/wordpress\/wander\/wp-content\/uploads\/2016\/06\/bg-1-150x150.jpg"},"slider_7_subtitletitle_1":"We Set You Apart To Grow Online","slider_7_title_1":"Bring your <span class=\"bold\">business<\/span> to life","slider_7_content_1":"We create experiences that transform brands, grow businesses and makepeople\u2019s lives<br>better. Awesome interdisciplinary team dedicated to your success!","slider_8_image_1":{"url":"http:\/\/thenordik.com\/demo\/themeforest\/wordpress\/wander\/wp-content\/uploads\/2016\/06\/bg-6-3.jpg","id":"1013","height":"1170","width":"1920","thumbnail":"http:\/\/thenordik.com\/demo\/themeforest\/wordpress\/wander\/wp-content\/uploads\/2016\/06\/bg-6-3-150x150.jpg"},"slider_8_subtitletitle_1":"We Set You Apart To Grow Online","slider_8_image_2":{"url":"http:\/\/thenordik.com\/demo\/themeforest\/wordpress\/wander\/wp-content\/uploads\/2016\/10\/coming-soon.png","id":"1224","height":"187","width":"595","thumbnail":"http:\/\/thenordik.com\/demo\/themeforest\/wordpress\/wander\/wp-content\/uploads\/2016\/10\/coming-soon-150x150.png"},"slider_8_re_1":"December 26, 2016 12:00:00","slider_8_content_1":"We create experiences that transform brands, grow businesses and makepeople\u2019s lives<br>better. Awesome interdisciplinary team dedicated to your success!","slider_8_btn_content_1":"Back to home page","latitude":"52.507351","longitude":"-0.227758","receiver":"-0.227758","thankyou_title":"Thanks For Your Comment","thankyou_subtitle":"Lorem ipsum dolor siter amet mundium corpes illon tolves lorem ipsum dolor. Quisque nec est id ante consectetur tristique. Suspendisse potenti.","address":"","blog_banner":{"url":"","id":"","height":"","width":"","thumbnail":""},"search_banner":{"url":"","id":"","height":"","width":"","thumbnail":""},"banner_404":{"url":"","id":"","height":"","width":"","thumbnail":""},"copyright":"\u00a9 2016 Vossen All Rights Reserved.","footer_social_icons":{"ion-social-facebook":"Facebook","ion-social-twitter":"Twitter","ion-social-googleplus":"Google Plus","ion-social-linkedin":"LinkedIn","ion-social-instagram":"","ion-social-pinterest":"","ion-social-yahoo":""},"footer_social_links":"#tw, #fb, #ins, #pin","redux-backup":"1"}